Workbook

Sheet PREÇOS MDF
A1: Tipo de MDF | B1: Preço por m² (R$)
A2: MDF - 9MM | B2: 15.44
A3: MDF - 15MM | B3: 23.01
A4: MDF - 25MM | B4: 42.99
A5: MDP - 15MM | B5: 20.57
A7: MDF - 9MM | B7: 15.44
A8: MDF - 15MM | B8: 23.01
A9: MDF - 25MM | B9: 42.99
A10: MDP - 15MM | B10: 20.57

Sheet Controle de Fundos
A2: Lote de Origem | B2: Fábrica | C2: Tipo de Chapa/COR | D2: Comprimento Sobras (mm) | E2: Largura Sobras (mm) | F2: Peça | G2: M² Sobras | H2: Quantidade de Sobra INICIAL | I2: Status da Sobra | J2: Quantidade Aproveitada | K2: Estoque | L2: Local de armazenagem | M2: M² Disponível | N2: Saída | O2: Saída 2 | P2: Saída 3 | Q2: Reaproveitada em OP | R2: Responsável pelo Registro | S2: Data do Registro inical | T2: Dias Parados | U2: média dias parados
A3: - | B3: =VLOOKUP(LEFT(A3,1),Tabela5[],2,0) | C3: EUCADUR FRJ - 2,5MM | D3: 329 | E3: 398 | F3: =TEXT(TabelaSobras8[[#This Row],[Comprimento Sobras (mm)]],0) & " X " & TEXT(E3,0) | G3: =(TabelaSobras8[[#This Row],[Comprimento Sobras (mm)]]*E3/1000000) | H3: 2100 | I3: =IF(TabelaSobras8[[#This Row],[Estoque]]<=$V$2,$U$4,$U$5) | J3: =TabelaSobras8[[#This Row],[Quantidade de Sobra INICIAL]]-K3 | K3: =TabelaSobras8[[#This Row],[Quantidade de Sobra INICIAL]]-TabelaSobras8[[#This Row],[Saída]]-TabelaSobras8[[#This Row],[Saída 2]]-P3 | L3: Nesher | M3: =TabelaSobras8[[#This Row],[Estoque]]*5.8575 | N3: 700 | O3: 700 | P3: 700 | Q3: 700 I25023 700 M25014 700 I25027 | R3: Yuri | S3: 45804 | T3: =INT(TODAY()-TabelaSobras8[[#This Row],[Data do Registro inical]]) | U3: =AVERAGEIF(TabelaSobras8[Status da Sobra],"Disponível",TabelaSobras8[Dias Parados])
A4: - | B4: =VLOOKUP(LEFT(A4,1),Tabela5[],2,0) | C4: EUCADUR FRJ - 2,5MM | D4: 695 | E4: 285 | F4: =TEXT(TabelaSobras8[[#This Row],[Comprimento Sobras (mm)]],0) & " X " & TEXT(E4,0) | G4: =(TabelaSobras8[[#This Row],[Comprimento Sobras (mm)]]*E4/1000000) | H4: 348 | I4: =IF(TabelaSobras8[[#This Row],[Estoque]]<=$V$2,$U$4,$U$5) | J4: =TabelaSobras8[[#This Row],[Quantidade de Sobra INICIAL]]-K4 | K4: =TabelaSobras8[[#This Row],[Quantidade de Sobra INICIAL]]-TabelaSobras8[[#This Row],[Saída]]-TabelaSobras8[[#This Row],[Saída 2]]-P4 | L4: Nesher | M4: =TabelaSobras8[[#This Row],[Estoque]]*5.8575 | N4: 348 | R4: Yuri | S4: 45804 | T4: =INT(TODAY()-TabelaSobras8[[#This Row],[Data do Registro inical]]) | U4: Aproveitada
A5: - | B5: =VLOOKUP(LEFT(A5,1),Tabela5[],2,0) | C5: EUCADUR FRJ - 2,5MM | D5: 514 | E5: 398 | F5: =TEXT(TabelaSobras8[[#This Row],[Comprimento Sobras (mm)]],0) & " X " & TEXT(E5,0) | G5: =(TabelaSobras8[[#This Row],[Comprimento Sobras (mm)]]*E5/1000000) | H5: 120 | I5: =IF(TabelaSobras8[[#This Row],[Estoque]]<=$V$2,$U$4,$U$5) | J5: =TabelaSobras8[[#This Row],[Quantidade de Sobra INICIAL]]-K5 | K5: =TabelaSobras8[[#This Row],[Quantidade de Sobra INICIAL]]-TabelaSobras8[[#This Row],[Saída]]-TabelaSobras8[[#This Row],[Saída 2]]-P5 | L5: Nesher | M5: =TabelaSobras8[[#This Row],[Estoque]]*5.8575 | N5: 120 | Q5: 120 N25043 | R5: Yuri | S5: 45813 | T5: =INT(TODAY()-TabelaSobras8[[#This Row],[Data do Registro inical]]) | U5: Disponível
A6: - | B6: =VLOOKUP(LEFT(A6,1),Tabela5[],2,0) | C6: EUCADUR FRJ - 2,5MM | D6: 629 | E6: 398 | F6: =TEXT(TabelaSobras8[[#This Row],[Comprimento Sobras (mm)]],0) & " X " & TEXT(E6,0) | G6: =(TabelaSobras8[[#This Row],[Comprimento Sobras (mm)]]*E6/1000000) | H6: 799 | I6: =IF(TabelaSobras8[[#This Row],[Estoque]]<=$V$2,$U$4,$U$5) | J6: =TabelaSobras8[[#This Row],[Quantidade de Sobra INICIAL]]-K6 | K6: =TabelaSobras8[[#This Row],[Quantidade de Sobra INICIAL]]-TabelaSobras8[[#This Row],[Saída]]-TabelaSobras8[[#This Row],[Saída 2]]-P6 | L6: Nesher | M6: =TabelaSobras8[[#This Row],[Estoque]]*5.8575 | N6: 799 | Q6: 799 I25027 | R6: Yuri | S6: 45804 | T6: =INT(TODAY()-TabelaSobras8[[#This Row],[Data do Registro inical]])
A7: N | B7: =VLOOKUP(LEFT(A7,1),Tabela5[],2,0) | C7: EUCADUR FRJ - 2,5MM | D7: 655 | E7: 390 | F7: =TEXT(TabelaSobras8[[#This Row],[Comprimento Sobras (mm)]],0) & " X " & TEXT(E7,0) | G7: =(TabelaSobras8[[#This Row],[Comprimento Sobras (mm)]]*E7/1000000) | H7: 250 | I7: =IF(TabelaSobras8[[#This Row],[Estoque]]<=$V$2,$U$4,$U$5) | J7: =TabelaSobras8[[#This Row],[Quantidade de Sobra INICIAL]]-K7 | K7: =TabelaSobras8[[#This Row],[Quantidade de Sobra INICIAL]]-TabelaSobras8[[#This Row],[Saída]]-TabelaSobras8[[#This Row],[Saída 2]]-P7 | L7: Nesher | M7: =TabelaSobras8[[#This Row],[Estoque]]*5.8575 | N7: 250 | Q7: 255 I25028 | R7: Yuri | S7: 45804 | T7: =INT(TODAY()-TabelaSobras8[[#This Row],[Data do Registro inical]])
A8: N | B8: =VLOOKUP(LEFT(A8,1),Tabela5[],2,0) | C8: EUCADUR FRJ - 2,5MM | D8: 1195 | E8: 170 | F8: =TEXT(TabelaSobras8[[#This Row],[Comprimento Sobras (mm)]],0) & " X " & TEXT(E8,0) | G8: =(TabelaSobras8[[#This Row],[Comprimento Sobras (mm)]]*E8/1000000) | H8: =478+70 | I8: =IF(TabelaSobras8[[#This Row],[Estoque]]<=$V$2,$U$4,$U$5) | J8: =TabelaSobras8[[#This Row],[Quantidade de Sobra INICIAL]]-K8 | K8: =TabelaSobras8[[#This Row],[Quantidade de Sobra INICIAL]]-TabelaSobras8[[#This Row],[Saída]]-TabelaSobras8[[#This Row],[Saída 2]]-P8 | L8: Nesher | M8: =TabelaSobras8[[#This Row],[Estoque]]*5.8575 | N8: 350 | O8: 128 | P8: 70 | Q8: 350 N25041 128 N25044 70 M25032 | R8: Yuri | S8: 45804 | T8: =INT(TODAY()-TabelaSobras8[[#This Row],[Data do Registro inical]])
A9: I25027 | B9: =VLOOKUP(LEFT(A9,1),Tabela5[],2,0) | C9: EUCADUR FRJ - 2,5MM | D9: 925 | E9: 375 | F9: =TEXT(TabelaSobras8[[#This Row],[Comprimento Sobras (mm)]],0) & " X " & TEXT(E9,0) | G9: =(TabelaSobras8[[#This Row],[Comprimento Sobras (mm)]]*E9/1000000) | H9: 550 | I9: =IF(TabelaSobras8[[#This Row],[Estoque]]<=$V$2,$U$4,$U$5) | J9: =TabelaSobras8[[#This Row],[Quantidade de Sobra INICIAL]]-K9 | K9: =TabelaSobras8[[#This Row],[Quantidade de Sobra INICIAL]]-TabelaSobras8[[#This Row],[Saída]]-TabelaSobras8[[#This Row],[Saída 2]]-P9 | L9: Nesher | M9: =TabelaSobras8[[#This Row],[Estoque]]*5.8575 | N9: 550 | Q9: 550 N25041 | R9: Yuri | S9: 45804 | T9: =INT(TODAY()-TabelaSobras8[[#This Row],[Data do Registro inical]])
A10: I25028 | B10: =VLOOKUP(LEFT(A10,1),Tabela5[],2,0) | C10: EUCADUR FRJ - 2,5MM | D10: 329 | E10: 398 | F10: =TEXT(TabelaSobras8[[#This Row],[Comprimento Sobras (mm)]],0) & " X " & TEXT(E10,0) | G10: =(TabelaSobras8[[#This Row],[Comprimento Sobras (mm)]]*E10/1000000) | H10: 65 | I10: =IF(TabelaSobras8[[#This Row],[Estoque]]<=$V$2,$U$4,$U$5) | J10: =TabelaSobras8[[#This Row],[Quantidade de Sobra INICIAL]]-K10 | K10: =TabelaSobras8[[#This Row],[Quantidade de Sobra INICIAL]]-TabelaSobras8[[#This Row],[Saída]]-TabelaSobras8[[#This Row],[Saída 2]]-P10 | L10: Nesher | M10: =TabelaSobras8[[#This Row],[Estoque]]*5.8575 | N10: 65 | R10: Yuri | S10: 45806 | T10: =INT(TODAY()-TabelaSobras8[[#This Row],[Data do Registro inical]])
A11: I25028 | B11: =VLOOKUP(LEFT(A11,1),Tabela5[],2,0) | C11: EUCADUR FRJ - 2,5MM | D11: 629 | E11: 398 | F11: =TEXT(TabelaSobras8[[#This Row],[Comprimento Sobras (mm)]],0) & " X " & TEXT(E11,0) | G11: =(TabelaSobras8[[#This Row],[Comprimento Sobras (mm)]]*E11/1000000) | H11: 105 | I11: =IF(TabelaSobras8[[#This Row],[Estoque]]<=$V$2,$U$4,$U$5) | J11: =TabelaSobras8[[#This Row],[Quantidade de Sobra INICIAL]]-K11 | K11: =TabelaSobras8[[#This Row],[Quantidade de Sobra INICIAL]]-TabelaSobras8[[#This Row],[Saída]]-TabelaSobras8[[#This Row],[Saída 2]]-P11 | L11: Nesher | M11: =TabelaSobras8[[#This Row],[Estoque]]*5.8575 | N11: 105 | Q11: N25056 | R11: Yuri | S11: 45806 | T11: =INT(TODAY()-TabelaSobras8[[#This Row],[Data do Registro inical]])
A12: N25041 | B12: =VLOOKUP(LEFT(A12,1),Tabela5[],2,0) | C12: EUCADUR FRJ - 2,5MM | D12: 695 | E12: 330 | F12: =TEXT(TabelaSobras8[[#This Row],[Comprimento Sobras (mm)]],0) & " X " & TEXT(E12,0) | G12: =(TabelaSobras8[[#This Row],[Comprimento Sobras (mm)]]*E12/1000000) | H12: 516 | I12: =IF(TabelaSobras8[[#This Row],[Estoque]]<=$V$2,$U$4,$U$5) | J12: =TabelaSobras8[[#This Row],[Quantidade de Sobra INICIAL]]-K12 | K12: =TabelaSobras8[[#This Row],[Quantidade de Sobra INICIAL]]-TabelaSobras8[[#This Row],[Saída]]-TabelaSobras8[[#This Row],[Saída 2]]-P12 | L12: Nesher | M12: =TabelaSobras8[[#This Row],[Estoque]]*5.8575 | N12: 516 | Q12: 516 N25042 | R12: Yuri | S12: 45810 | T12: =INT(TODAY()-TabelaSobras8[[#This Row],[Data do Registro inical]])
A13: N25041 | B13: =VLOOKUP(LEFT(A13,1),Tabela5[],2,0) | C13: EUCADUR FRJ - 2,5MM | D13: 329 | E13: 398 | F13: =TEXT(TabelaSobras8[[#This Row],[Comprimento Sobras (mm)]],0) & " X " & TEXT(E13,0) | G13: =(TabelaSobras8[[#This Row],[Comprimento Sobras (mm)]]*E13/1000000) | H13: 280 | I13: =IF(TabelaSobras8[[#This Row],[Estoque]]<=$V$2,$U$4,$U$5) | J13: =TabelaSobras8[[#This Row],[Quantidade de Sobra INICIAL]]-K13 | K13: =TabelaSobras8[[#This Row],[Quantidade de Sobra INICIAL]]-TabelaSobras8[[#This Row],[Saída]]-TabelaSobras8[[#This Row],[Saída 2]]-P13 | L13: Nesher | M13: =TabelaSobras8[[#This Row],[Estoque]]*5.8575 | N13: 280 | Q13: 280 N25042 | R13: Yuri | S13: 45810 | T13: =INT(TODAY()-TabelaSobras8[[#This Row],[Data do Registro inical]])
A14: N25043 | B14: =VLOOKUP(LEFT(A14,1),Tabela5[],2,0) | C14: EUCADUR FRJ - 2,5MM | D14: 729 | E14: 398 | F14: =TEXT(TabelaSobras8[[#This Row],[Comprimento Sobras (mm)]],0) & " X " & TEXT(E14,0) | G14: =(TabelaSobras8[[#This Row],[Comprimento Sobras (mm)]]*E14/1000000) | H14: 145 | I14: =IF(TabelaSobras8[[#This Row],[Estoque]]<=$V$2,$U$4,$U$5) | J14: =TabelaSobras8[[#This Row],[Quantidade de Sobra INICIAL]]-K14 | K14: =TabelaSobras8[[#This Row],[Quantidade de Sobra INICIAL]]-TabelaSobras8[[#This Row],[Saída]]-TabelaSobras8[[#This Row],[Saída 2]]-P14 | L14: Nesher | M14: =TabelaSobras8[[#This Row],[Estoque]]*5.8575 | N14: 145 | Q14: N25044 | R14: Yuri | S14: 45813 | T14: =INT(TODAY()-TabelaSobras8[[#This Row],[Data do Registro inical]])
A15: N | B15: =VLOOKUP(LEFT(A15,1),Tabela5[],2,0) | C15: EUCADUR FRJ - 2,5MM | D15: 695 | E15: 190 | F15: =TEXT(TabelaSobras8[[#This Row],[Comprimento Sobras (mm)]],0) & " X " & TEXT(E15,0) | G15: =(TabelaSobras8[[#This Row],[Comprimento Sobras (mm)]]*E15/1000000) | H15: 50 | I15: =IF(TabelaSobras8[[#This Row],[Estoque]]<=$V$2,$U$4,$U$5) | J15: =TabelaSobras8[[#This Row],[Quantidade de Sobra INICIAL]]-K15 | K15: =TabelaSobras8[[#This Row],[Quantidade de Sobra INICIAL]]-TabelaSobras8[[#This Row],[Saída]]-TabelaSobras8[[#This Row],[Saída 2]]-P15 | L15: Nesher | M15: =TabelaSobras8[[#This Row],[Estoque]]*5.8575 | N15: 50 | Q15: N25059 | R15: Yuri | S15: 45809 | T15: =INT(TODAY()-TabelaSobras8[[#This Row],[Data do Registro inical]])
A16: N | B16: =VLOOKUP(LEFT(A16,1),Tabela5[],2,0) | C16: EUCADUR NT - 2,5MM | D16: 729 | E16: 398 | F16: =TEXT(TabelaSobras8[[#This Row],[Comprimento Sobras (mm)]],0) & " X " & TEXT(E16,0) | G16: =(TabelaSobras8[[#This Row],[Comprimento Sobras (mm)]]*E16/1000000) | H16: 1050 | I16: =IF(TabelaSobras8[[#This Row],[Estoque]]<=$V$2,$U$4,$U$5) | J16: =TabelaSobras8[[#This Row],[Quantidade de Sobra INICIAL]]-K16 | K16: =TabelaSobras8[[#This Row],[Quantidade de Sobra INICIAL]]-TabelaSobras8[[#This Row],[Saída]]-TabelaSobras8[[#This Row],[Saída 2]]-P16 | L16: Nesher | M16: =TabelaSobras8[[#This Row],[Estoque]]*5.8575 | N16: 700 | O16: 350 | Q16: 700 N2504704 350 M25023 | R16: Yuri | S16: 45821 | T16: =INT(TODAY()-TabelaSobras8[[#This Row],[Data do Registro inical]])
A17: N | B17: =VLOOKUP(LEFT(A17,1),Tabela5[],2,0) | C17: EUCADUR NT - 2,5MM | D17: 695 | E17: 509 | F17: =TEXT(TabelaSobras8[[#This Row],[Comprimento Sobras (mm)]],0) & " X " & TEXT(E17,0) | G17: =(TabelaSobras8[[#This Row],[Comprimento Sobras (mm)]]*E17/1000000) | H17: 350 | I17: =IF(TabelaSobras8[[#This Row],[Estoque]]<=$V$2,$U$4,$U$5) | J17: =TabelaSobras8[[#This Row],[Quantidade de Sobra INICIAL]]-K17 | K17: =TabelaSobras8[[#This Row],[Quantidade de Sobra INICIAL]]-TabelaSobras8[[#This Row],[Saída]]-TabelaSobras8[[#This Row],[Saída 2]]-P17 | L17: Nesher | M17: =TabelaSobras8[[#This Row],[Estoque]]*5.8575 | N17: 350 | Q17: 350 N2504802 | R17: Yuri | S17: 45821 | T17: =INT(TODAY()-TabelaSobras8[[#This Row],[Data do Registro inical]])
A18: M25037 | B18: =VLOOKUP(LEFT(A18,1),Tabela5[],2,0) | C18: EUCADUR FRJ - 2,5MM | D18: 329 | E18: 398 | F18: =TEXT(TabelaSobras8[[#This Row],[Comprimento Sobras (mm)]],0) & " X " & TEXT(E18,0) | G18: =(TabelaSobras8[[#This Row],[Comprimento Sobras (mm)]]*E18/1000000) | H18: 350 | I18: =IF(TabelaSobras8[[#This Row],[Estoque]]<=$V$2,$U$4,$U$5) | J18: =TabelaSobras8[[#This Row],[Quantidade de Sobra INICIAL]]-K18 | K18: =TabelaSobras8[[#This Row],[Quantidade de Sobra INICIAL]]-TabelaSobras8[[#This Row],[Saída]]-TabelaSobras8[[#This Row],[Saída 2]]-P18 | L18: Multilínea | M18: =TabelaSobras8[[#This Row],[Estoque]]*5.8575 | N18: 350 | Q18: ENVIAR P/NESHER | R18: Yuri | S18: 45881 | T18: =INT(TODAY()-TabelaSobras8[[#This Row],[Data do Registro inical]])
A19: N | B19: =VLOOKUP(LEFT(A19,1),Tabela5[],2,0) | C19: EUCADUR FRJ - 2,5MM | D19: 695 | E19: 312 | F19: =TEXT(TabelaSobras8[[#This Row],[Comprimento Sobras (mm)]],0) & " X " & TEXT(E19,0) | G19: =(TabelaSobras8[[#This Row],[Comprimento Sobras (mm)]]*E19/1000000) | H19: 225 | I19: =IF(TabelaSobras8[[#This Row],[Estoque]]<=$V$2,$U$4,$U$5) | J19: =TabelaSobras8[[#This Row],[Quantidade de Sobra INICIAL]]-K19 | K19: =TabelaSobras8[[#This Row],[Quantidade de Sobra INICIAL]]-TabelaSobras8[[#This Row],[Saída]]-TabelaSobras8[[#This Row],[Saída 2]]-P19 | L19: Nesher | M19: =TabelaSobras8[[#This Row],[Estoque]]*5.8575 | N19: 225 | Q19: N2506801 | R19: Yuri | S19: 45837 | T19: =INT(TODAY()-TabelaSobras8[[#This Row],[Data do Registro inical]])
A20: N | B20: =VLOOKUP(LEFT(A20,1),Tabela5[],2,0) | C20: EUCADUR NT - 2,5MM | D20: 795 | E20: 379 | F20: =TEXT(TabelaSobras8[[#This Row],[Comprimento Sobras (mm)]],0) & " X " & TEXT(E20,0) | G20: =(TabelaSobras8[[#This Row],[Comprimento Sobras (mm)]]*E20/1000000) | H20: 300 | I20: =IF(TabelaSobras8[[#This Row],[Estoque]]<=$V$2,$U$4,$U$5) | J20: =TabelaSobras8[[#This Row],[Quantidade de Sobra INICIAL]]-K20 | K20: =TabelaSobras8[[#This Row],[Quantidade de Sobra INICIAL]]-TabelaSobras8[[#This Row],[Saída]]-TabelaSobras8[[#This Row],[Saída 2]]-P20 | L20: Nesher | M20: =TabelaSobras8[[#This Row],[Estoque]]*5.8575 | N20: 300 | Q20: RECORTE N25050 | R20: Yuri | S20: 45833 | T20: =INT(TODAY()-TabelaSobras8[[#This Row],[Data do Registro inical]])
A21: N | B21: =VLOOKUP(LEFT(A21,1),Tabela5[],2,0) | C21: DURATREE -2,5MM | D21: 795 | E21: 404 | F21: =TEXT(TabelaSobras8[[#This Row],[Comprimento Sobras (mm)]],0) & " X " & TEXT(E21,0) | G21: =(TabelaSobras8[[#This Row],[Comprimento Sobras (mm)]]*E21/1000000) | H21: 152 | I21: =IF(TabelaSobras8[[#This Row],[Estoque]]<=$V$2,$U$4,$U$5) | J21: =TabelaSobras8[[#This Row],[Quantidade de Sobra INICIAL]]-K21 | K21: =TabelaSobras8[[#This Row],[Quantidade de Sobra INICIAL]]-TabelaSobras8[[#This Row],[Saída]]-TabelaSobras8[[#This Row],[Saída 2]]-P21 | L21: Nesher | M21: =TabelaSobras8[[#This Row],[Estoque]]*5.8575 | N21: 152 | Q21: RECORTE NO LOTE M25025 | R21: Yuri | S21: 45833 | T21: =INT(TODAY()-TabelaSobras8[[#This Row],[Data do Registro inical]])
A22: N | B22: =VLOOKUP(LEFT(A22,1),Tabela5[],2,0) | C22: EUCADUR NT - 2,5MM | D22: 540 | E22: 398 | F22: =TEXT(TabelaSobras8[[#This Row],[Comprimento Sobras (mm)]],0) & " X " & TEXT(E22,0) | G22: =(TabelaSobras8[[#This Row],[Comprimento Sobras (mm)]]*E22/1000000) | H22: =640+510 | I22: =IF(TabelaSobras8[[#This Row],[Estoque]]<=$V$2,$U$4,$U$5) | J22: =TabelaSobras8[[#This Row],[Quantidade de Sobra INICIAL]]-K22 | K22: =TabelaSobras8[[#This Row],[Quantidade de Sobra INICIAL]]-TabelaSobras8[[#This Row],[Saída]]-TabelaSobras8[[#This Row],[Saída 2]]-P22 | L22: Nesher | M22: =TabelaSobras8[[#This Row],[Estoque]]*5.8575 | N22: 700 | O22: 450 | Q22: 700 PARA N25054 450 PARA M25030 | R22: Yuri | S22: 45833 | T22: =INT(TODAY()-TabelaSobras8[[#This Row],[Data do Registro inical]])
A23: N | B23: =VLOOKUP(LEFT(A23,1),Tabela5[],2,0) | C23: EUCADUR NT - 2,5MM | D23: 795 | E23: 379 | F23: =TEXT(TabelaSobras8[[#This Row],[Comprimento Sobras (mm)]],0) & " X " & TEXT(E23,0) | G23: =(TabelaSobras8[[#This Row],[Comprimento Sobras (mm)]]*E23/1000000) | H23: 300 | I23: =IF(TabelaSobras8[[#This Row],[Estoque]]<=$V$2,$U$4,$U$5) | J23: =TabelaSobras8[[#This Row],[Quantidade de Sobra INICIAL]]-K23 | K23: =TabelaSobras8[[#This Row],[Quantidade de Sobra INICIAL]]-TabelaSobras8[[#This Row],[Saída]]-TabelaSobras8[[#This Row],[Saída 2]]-P23 | L23: Nesher | M23: =TabelaSobras8[[#This Row],[Estoque]]*5.8575 | N23: 78 | O23: 222 | Q23: 78 - RECORTE N25050 222- M25027 | R23: Yuri | S23: 45833 | T23: =INT(TODAY()-TabelaSobras8[[#This Row],[Data do Registro inical]])
A24: N | B24: =VLOOKUP(LEFT(A24,1),Tabela5[],2,0) | C24: EUCADUR FRJ - 2,5MM | D24: 695 | E24: 285 | F24: =TEXT(TabelaSobras8[[#This Row],[Comprimento Sobras (mm)]],0) & " X " & TEXT(E24,0) | G24: =(TabelaSobras8[[#This Row],[Comprimento Sobras (mm)]]*E24/1000000) | H24: 57 | I24: =IF(TabelaSobras8[[#This Row],[Estoque]]<=$V$2,$U$4,$U$5) | J24: =TabelaSobras8[[#This Row],[Quantidade de Sobra INICIAL]]-K24 | K24: =TabelaSobras8[[#This Row],[Quantidade de Sobra INICIAL]]-TabelaSobras8[[#This Row],[Saída]]-TabelaSobras8[[#This Row],[Saída 2]]-P24 | L24: Nesher | M24: =TabelaSobras8[[#This Row],[Estoque]]*5.8575 | N24: 57 | Q24: N25056 | R24: Yuri | S24: 45778 | T24: =INT(TODAY()-TabelaSobras8[[#This Row],[Data do Registro inical]])
A25: M25026 M25028 | B25: =VLOOKUP(LEFT(A25,1),Tabela5[],2,0) | C25: EUCADUR NT - 2,5MM | D25: 695 | E25: 317 | F25: =TEXT(TabelaSobras8[[#This Row],[Comprimento Sobras (mm)]],0) & " X " & TEXT(E25,0) | G25: =(TabelaSobras8[[#This Row],[Comprimento Sobras (mm)]]*E25/1000000) | H25: 665 | I25: =IF(TabelaSobras8[[#This Row],[Estoque]]<=$V$2,$U$4,$U$5) | J25: =TabelaSobras8[[#This Row],[Quantidade de Sobra INICIAL]]-K25 | K25: =TabelaSobras8[[#This Row],[Quantidade de Sobra INICIAL]]-TabelaSobras8[[#This Row],[Saída]]-TabelaSobras8[[#This Row],[Saída 2]]-P25 | L25: Nesher | M25: =TabelaSobras8[[#This Row],[Estoque]]*5.8575 | N25: 665 | Q25: N25052 | R25: Yuri | S25: 45840 | T25: =INT(TODAY()-TabelaSobras8[[#This Row],[Data do Registro inical]])
A26: M25026 | B26: =VLOOKUP(LEFT(A26,1),Tabela5[],2,0) | C26: EUCADUR NT - 2,5MM | D26: 597 | E26: 398 | F26: =TEXT(TabelaSobras8[[#This Row],[Comprimento Sobras (mm)]],0) & " X " & TEXT(E26,0) | G26: =(TabelaSobras8[[#This Row],[Comprimento Sobras (mm)]]*E26/1000000) | H26: 135 | I26: =IF(TabelaSobras8[[#This Row],[Estoque]]<=$V$2,$U$4,$U$5) | J26: =TabelaSobras8[[#This Row],[Quantidade de Sobra INICIAL]]-K26 | K26: =TabelaSobras8[[#This Row],[Quantidade de Sobra INICIAL]]-TabelaSobras8[[#This Row],[Saída]]-TabelaSobras8[[#This Row],[Saída 2]]-P26 | L26: Nesher | M26: =TabelaSobras8[[#This Row],[Estoque]]*5.8575 | N26: 135 | Q26: N2505203,N2505303 | R26: Yuri | S26: 45845 | T26: =INT(TODAY()-TabelaSobras8[[#This Row],[Data do Registro inical]])
A27: M25028 | B27: =VLOOKUP(LEFT(A27,1),Tabela5[],2,0) | C27: EUCADUR NT - 2,5MM | D27: 695 | E27: 195 | F27: =TEXT(TabelaSobras8[[#This Row],[Comprimento Sobras (mm)]],0) & " X " & TEXT(E27,0) | G27: =(TabelaSobras8[[#This Row],[Comprimento Sobras (mm)]]*E27/1000000) | H27: 408 | I27: =IF(TabelaSobras8[[#This Row],[Estoque]]<=$V$2,$U$4,$U$5) | J27: =TabelaSobras8[[#This Row],[Quantidade de Sobra INICIAL]]-K27 | K27: =TabelaSobras8[[#This Row],[Quantidade de Sobra INICIAL]]-TabelaSobras8[[#This Row],[Saída]]-TabelaSobras8[[#This Row],[Saída 2]]-P27 | L27: Nesher | M27: =TabelaSobras8[[#This Row],[Estoque]]*5.8575 | N27: 408 | Q27: N2505203,N2505303 | R27: Yuri | S27: 45845 | T27: =INT(TODAY()-TabelaSobras8[[#This Row],[Data do Registro inical]])
A28: N25053 | B28: =VLOOKUP(LEFT(A28,1),Tabela5[],2,0) | C28: EUCADUR NT - 2,5MM | D28: 695 | E28: 317 | F28: =TEXT(TabelaSobras8[[#This Row],[Comprimento Sobras (mm)]],0) & " X " & TEXT(E28,0) | G28: =(TabelaSobras8[[#This Row],[Comprimento Sobras (mm)]]*E28/1000000) | H28: 72 | I28: =IF(TabelaSobras8[[#This Row],[Estoque]]<=$V$2,$U$4,$U$5) | J28: =TabelaSobras8[[#This Row],[Quantidade de Sobra INICIAL]]-K28 | K28: =TabelaSobras8[[#This Row],[Quantidade de Sobra INICIAL]]-TabelaSobras8[[#This Row],[Saída]]-TabelaSobras8[[#This Row],[Saída 2]]-P28 | L28: Nesher | M28: =TabelaSobras8[[#This Row],[Estoque]]*5.8575 | N28: 72 | Q28: N25060 | R28: Yuri | S28: 45852 | T28: =INT(TODAY()-TabelaSobras8[[#This Row],[Data do Registro inical]])
A29: M25031 | B29: =VLOOKUP(LEFT(A29,1),Tabela5[],2,0) | C29: EUCADUR NT - 2,5MM | D29: 695 | E29: 317 | F29: =TEXT(TabelaSobras8[[#This Row],[Comprimento Sobras (mm)]],0) & " X " & TEXT(E29,0) | G29: =(TabelaSobras8[[#This Row],[Comprimento Sobras (mm)]]*E29/1000000) | H29: 222 | I29: =IF(TabelaSobras8[[#This Row],[Estoque]]<=$V$2,$U$4,$U$5) | J29: =TabelaSobras8[[#This Row],[Quantidade de Sobra INICIAL]]-K29 | K29: =TabelaSobras8[[#This Row],[Quantidade de Sobra INICIAL]]-TabelaSobras8[[#This Row],[Saída]]-TabelaSobras8[[#This Row],[Saída 2]]-P29 | L29: Nesher | M29: =TabelaSobras8[[#This Row],[Estoque]]*5.8575 | N29: 222 | Q29: N25060 | R29: Yuri | S29: 45852 | T29: =INT(TODAY()-TabelaSobras8[[#This Row],[Data do Registro inical]])
A30: M25037 | B30: =VLOOKUP(LEFT(A30,1),Tabela5[],2,0) | C30: EUCADUR FRJ - 2,5MM | D30: 1190 | E30: 312 | F30: =TEXT(TabelaSobras8[[#This Row],[Comprimento Sobras (mm)]],0) & " X " & TEXT(E30,0) | G30: =(TabelaSobras8[[#This Row],[Comprimento Sobras (mm)]]*E30/1000000) | H30: 70 | I30: =IF(TabelaSobras8[[#This Row],[Estoque]]<=$V$2,$U$4,$U$5) | J30: =TabelaSobras8[[#This Row],[Quantidade de Sobra INICIAL]]-K30 | K30: =TabelaSobras8[[#This Row],[Quantidade de Sobra INICIAL]]-TabelaSobras8[[#This Row],[Saída]]-TabelaSobras8[[#This Row],[Saída 2]]-P30 | L30: Multilínea | M30: =TabelaSobras8[[#This Row],[Estoque]]*5.8575 | N30: 70 | Q30: ENVIAR P/NESHER | R30: Yuri | S30: 45881 | T30: =INT(TODAY()-TabelaSobras8[[#This Row],[Data do Registro inical]])
A31: N | B31: =VLOOKUP(LEFT(A31,1),Tabela5[],2,0) | C31: DURATREE -2,5MM | D31: 695 | E31: 285 | F31: =TEXT(TabelaSobras8[[#This Row],[Comprimento Sobras (mm)]],0) & " X " & TEXT(E31,0) | G31: =(TabelaSobras8[[#This Row],[Comprimento Sobras (mm)]]*E31/1000000) | H31: 360 | I31: =IF(TabelaSobras8[[#This Row],[Estoque]]<=$V$2,$U$4,$U$5) | J31: =TabelaSobras8[[#This Row],[Quantidade de Sobra INICIAL]]-K31 | K31: =TabelaSobras8[[#This Row],[Quantidade de Sobra INICIAL]]-TabelaSobras8[[#This Row],[Saída]]-TabelaSobras8[[#This Row],[Saída 2]]-P31 | L31: Nesher | M31: =TabelaSobras8[[#This Row],[Estoque]]*5.8575 | N31: 360 | Q31: VENDIDO | R31: Yuri | S31: 45833 | T31: =INT(TODAY()-TabelaSobras8[[#This Row],[Data do Registro inical]])
A32: N25051 | B32: =VLOOKUP(LEFT(A32,1),Tabela5[],2,0) | C32: EUCADUR FRJ - 2,5MM | D32: 540 | E32: 398 | F32: =TEXT(TabelaSobras8[[#This Row],[Comprimento Sobras (mm)]],0) & " X " & TEXT(E32,0) | G32: =(TabelaSobras8[[#This Row],[Comprimento Sobras (mm)]]*E32/1000000) | H32: 300 | I32: =IF(TabelaSobras8[[#This Row],[Estoque]]<=$V$2,$U$4,$U$5) | J32: =TabelaSobras8[[#This Row],[Quantidade de Sobra INICIAL]]-K32 | K32: =TabelaSobras8[[#This Row],[Quantidade de Sobra INICIAL]]-TabelaSobras8[[#This Row],[Saída]]-TabelaSobras8[[#This Row],[Saída 2]]-P32 | L32: Nesher | M32: =TabelaSobras8[[#This Row],[Estoque]]*5.8575 | N32: 300 | Q32: N2505201,N2505202 | R32: Yuri | S32: 45849 | T32: =INT(TODAY()-TabelaSobras8[[#This Row],[Data do Registro inical]])
A33: N25054 | B33: =VLOOKUP(LEFT(A33,1),Tabela5[],2,0) | C33: EUCADUR FRJ - 2,5MM | D33: 329 | E33: 398 | F33: =TEXT(TabelaSobras8[[#This Row],[Comprimento Sobras (mm)]],0) & " X " & TEXT(E33,0) | G33: =(TabelaSobras8[[#This Row],[Comprimento Sobras (mm)]]*E33/1000000) | H33: 448 | I33: =IF(TabelaSobras8[[#This Row],[Estoque]]<=$V$2,$U$4,$U$5) | J33: =TabelaSobras8[[#This Row],[Quantidade de Sobra INICIAL]]-K33 | K33: =TabelaSobras8[[#This Row],[Quantidade de Sobra INICIAL]]-TabelaSobras8[[#This Row],[Saída]]-TabelaSobras8[[#This Row],[Saída 2]]-P33 | L33: Nesher | M33: =TabelaSobras8[[#This Row],[Estoque]]*5.8575 | N33: 400 | O33: 48 | Q33: I2503102,I2503104 M25032 | R33: Yuri | S33: 45848 | T33: =INT(TODAY()-TabelaSobras8[[#This Row],[Data do Registro inical]])
A34: I25031 | B34: =VLOOKUP(LEFT(A34,1),Tabela5[],2,0) | C34: EUCADUR FRJ - 2,5MM | D34: 695 | E34: 375 | F34: =TEXT(TabelaSobras8[[#This Row],[Comprimento Sobras (mm)]],0) & " X " & TEXT(E34,0) | G34: =(TabelaSobras8[[#This Row],[Comprimento Sobras (mm)]]*E34/1000000) | H34: 85 | I34: =IF(TabelaSobras8[[#This Row],[Estoque]]<=$V$2,$U$4,$U$5) | J34: =TabelaSobras8[[#This Row],[Quantidade de Sobra INICIAL]]-K34 | K34: =TabelaSobras8[[#This Row],[Quantidade de Sobra INICIAL]]-TabelaSobras8[[#This Row],[Saída]]-TabelaSobras8[[#This Row],[Saída 2]]-P34 | L34: Nesher | M34: =TabelaSobras8[[#This Row],[Estoque]]*5.8575 | N34: 85 | Q34: N25056 | R34: Yuri | S34: 45849 | T34: =INT(TODAY()-TabelaSobras8[[#This Row],[Data do Registro inical]])
A35: N25054 | B35: =VLOOKUP(LEFT(A35,1),Tabela5[],2,0) | C35: EUCADUR FRJ - 2,5MM | D35: 795 | E35: 387 | F35: =TEXT(TabelaSobras8[[#This Row],[Comprimento Sobras (mm)]],0) & " X " & TEXT(E35,0) | G35: =(TabelaSobras8[[#This Row],[Comprimento Sobras (mm)]]*E35/1000000) | H35: 700 | I35: =IF(TabelaSobras8[[#This Row],[Estoque]]<=$V$2,$U$4,$U$5) | J35: =TabelaSobras8[[#This Row],[Quantidade de Sobra INICIAL]]-K35 | K35: =TabelaSobras8[[#This Row],[Quantidade de Sobra INICIAL]]-TabelaSobras8[[#This Row],[Saída]]-TabelaSobras8[[#This Row],[Saída 2]]-P35 | L35: Nesher | M35: =TabelaSobras8[[#This Row],[Estoque]]*5.8575 | N35: 700 | Q35: RECORTE NO N25056 | R35: Yuri | S35: 45853 | T35: =INT(TODAY()-TabelaSobras8[[#This Row],[Data do Registro inical]])
A36: N25054 | B36: =VLOOKUP(LEFT(A36,1),Tabela5[],2,0) | C36: EUCADUR FRJ - 2,5MM | D36: 729 | E36: 398 | F36: =TEXT(TabelaSobras8[[#This Row],[Comprimento Sobras (mm)]],0) & " X " & TEXT(E36,0) | G36: =(TabelaSobras8[[#This Row],[Comprimento Sobras (mm)]]*E36/1000000) | H36: 350 | I36: =IF(TabelaSobras8[[#This Row],[Estoque]]<=$V$2,$U$4,$U$5) | J36: =TabelaSobras8[[#This Row],[Quantidade de Sobra INICIAL]]-K36 | K36: =TabelaSobras8[[#This Row],[Quantidade de Sobra INICIAL]]-TabelaSobras8[[#This Row],[Saída]]-TabelaSobras8[[#This Row],[Saída 2]]-P36 | L36: Nesher | M36: =TabelaSobras8[[#This Row],[Estoque]]*5.8575 | N36: 350 | Q36: recorte N25056 | R36: Yuri | S36: 45853 | T36: =INT(TODAY()-TabelaSobras8[[#This Row],[Data do Registro inical]])
A37: M25033 | B37: =VLOOKUP(LEFT(A37,1),Tabela5[],2,0) | C37: EUCADUR NT - 2,5MM | D37: 695 | E37: 317 | F37: =TEXT(TabelaSobras8[[#This Row],[Comprimento Sobras (mm)]],0) & " X " & TEXT(E37,0) | G37: =(TabelaSobras8[[#This Row],[Comprimento Sobras (mm)]]*E37/1000000) | H37: 57 | I37: =IF(TabelaSobras8[[#This Row],[Estoque]]<=$V$2,$U$4,$U$5) | J37: =TabelaSobras8[[#This Row],[Quantidade de Sobra INICIAL]]-K37 | K37: =TabelaSobras8[[#This Row],[Quantidade de Sobra INICIAL]]-TabelaSobras8[[#This Row],[Saída]]-TabelaSobras8[[#This Row],[Saída 2]]-P37 | L37: Nesher | M37: =TabelaSobras8[[#This Row],[Estoque]]*5.8575 | N37: 57 | Q37: N25060 | R37: Yuri | S37: 45861 | T37: =INT(TODAY()-TabelaSobras8[[#This Row],[Data do Registro inical]])
A38: M25033 | B38: =VLOOKUP(LEFT(A38,1),Tabela5[],2,0) | C38: EUCADUR NT - 2,5MM | D38: 695 | E38: 465 | F38: =TEXT(TabelaSobras8[[#This Row],[Comprimento Sobras (mm)]],0) & " X " & TEXT(E38,0) | G38: =(TabelaSobras8[[#This Row],[Comprimento Sobras (mm)]]*E38/1000000) | H38: 236 | I38: =IF(TabelaSobras8[[#This Row],[Estoque]]<=$V$2,$U$4,$U$5) | J38: =TabelaSobras8[[#This Row],[Quantidade de Sobra INICIAL]]-K38 | K38: =TabelaSobras8[[#This Row],[Quantidade de Sobra INICIAL]]-TabelaSobras8[[#This Row],[Saída]]-TabelaSobras8[[#This Row],[Saída 2]]-P38 | L38: Nesher | M38: =TabelaSobras8[[#This Row],[Estoque]]*5.8575 | N38: 236 | Q38: N25060 | R38: Yuri | S38: 45861 | T38: =INT(TODAY()-TabelaSobras8[[#This Row],[Data do Registro inical]])
A39: M25031 | B39: =VLOOKUP(LEFT(A39,1),Tabela5[],2,0) | C39: EUCADUR NT - 2,5MM | D39: 527 | E39: 418 | F39: =TEXT(TabelaSobras8[[#This Row],[Comprimento Sobras (mm)]],0) & " X " & TEXT(E39,0) | G39: =(TabelaSobras8[[#This Row],[Comprimento Sobras (mm)]]*E39/1000000) | H39: 20 | I39: =IF(TabelaSobras8[[#This Row],[Estoque]]<=$V$2,$U$4,$U$5) | J39: =TabelaSobras8[[#This Row],[Quantidade de Sobra INICIAL]]-K39 | K39: =TabelaSobras8[[#This Row],[Quantidade de Sobra INICIAL]]-TabelaSobras8[[#This Row],[Saída]]-TabelaSobras8[[#This Row],[Saída 2]]-P39 | L39: Nesher | M39: =TabelaSobras8[[#This Row],[Estoque]]*5.8575 | N39: 20 | R39: Yuri | S39: 45852 | T39: =INT(TODAY()-TabelaSobras8[[#This Row],[Data do Registro inical]])
A40: M25031 | B40: =VLOOKUP(LEFT(A40,1),Tabela5[],2,0) | C40: EUCADUR NT - 2,5MM | D40: 695 | E40: 337 | F40: =TEXT(TabelaSobras8[[#This Row],[Comprimento Sobras (mm)]],0) & " X " & TEXT(E40,0) | G40: =(TabelaSobras8[[#This Row],[Comprimento Sobras (mm)]]*E40/1000000) | H40: 21 | I40: =IF(TabelaSobras8[[#This Row],[Estoque]]<=$V$2,$U$4,$U$5) | J40: =TabelaSobras8[[#This Row],[Quantidade de Sobra INICIAL]]-K40 | K40: =TabelaSobras8[[#This Row],[Quantidade de Sobra INICIAL]]-TabelaSobras8[[#This Row],[Saída]]-TabelaSobras8[[#This Row],[Saída 2]]-P40 | L40: Nesher | M40: =TabelaSobras8[[#This Row],[Estoque]]*5.8575 | N40: 21 | R40: Yuri | S40: 45852 | T40: =INT(TODAY()-TabelaSobras8[[#This Row],[Data do Registro inical]])
A41: N | B41: =VLOOKUP(LEFT(A41,1),Tabela5[],2,0) | C41: EUCADUR NT - 2,5MM | D41: 540 | E41: 398 | F41: =TEXT(TabelaSobras8[[#This Row],[Comprimento Sobras (mm)]],0) & " X " & TEXT(E41,0) | G41: =(TabelaSobras8[[#This Row],[Comprimento Sobras (mm)]]*E41/1000000) | H41: 600 | I41: =IF(TabelaSobras8[[#This Row],[Estoque]]<=$V$2,$U$4,$U$5) | J41: =TabelaSobras8[[#This Row],[Quantidade de Sobra INICIAL]]-K41 | K41: =TabelaSobras8[[#This Row],[Quantidade de Sobra INICIAL]]-TabelaSobras8[[#This Row],[Saída]]-TabelaSobras8[[#This Row],[Saída 2]]-P41 | L41: Nesher | M41: =TabelaSobras8[[#This Row],[Estoque]]*5.8575 | N41: 600 | Q41: N25062 | R41: Yuri | S41: 45863 | T41: =INT(TODAY()-TabelaSobras8[[#This Row],[Data do Registro inical]])
A42: M25033 | B42: =VLOOKUP(LEFT(A42,1),Tabela5[],2,0) | C42: EUCADUR NT - 2,5MM | D42: 695 | E42: 190 | F42: =TEXT(TabelaSobras8[[#This Row],[Comprimento Sobras (mm)]],0) & " X " & TEXT(E42,0) | G42: =(TabelaSobras8[[#This Row],[Comprimento Sobras (mm)]]*E42/1000000) | H42: 59 | I42: =IF(TabelaSobras8[[#This Row],[Estoque]]<=$V$2,$U$4,$U$5) | J42: =TabelaSobras8[[#This Row],[Quantidade de Sobra INICIAL]]-K42 | K42: =TabelaSobras8[[#This Row],[Quantidade de Sobra INICIAL]]-TabelaSobras8[[#This Row],[Saída]]-TabelaSobras8[[#This Row],[Saída 2]]-P42 | L42: Nesher | M42: =TabelaSobras8[[#This Row],[Estoque]]*5.8575 | N42: 59 | R42: Yuri | S42: 45861 | T42: =INT(TODAY()-TabelaSobras8[[#This Row],[Data do Registro inical]])
A43: N | B43: =VLOOKUP(LEFT(A43,1),Tabela5[],2,0) | C43: EUCADUR FRJ - 2,5MM | D43: 629 | E43: 398 | F43: =TEXT(TabelaSobras8[[#This Row],[Comprimento Sobras (mm)]],0) & " X " & TEXT(E43,0) | G43: =(TabelaSobras8[[#This Row],[Comprimento Sobras (mm)]]*E43/1000000) | H43: 290 | I43: =IF(TabelaSobras8[[#This Row],[Estoque]]<=$V$2,$U$4,$U$5) | J43: =TabelaSobras8[[#This Row],[Quantidade de Sobra INICIAL]]-K43 | K43: =TabelaSobras8[[#This Row],[Quantidade de Sobra INICIAL]]-TabelaSobras8[[#This Row],[Saída]]-TabelaSobras8[[#This Row],[Saída 2]]-P43 | L43: Nesher | M43: =TabelaSobras8[[#This Row],[Estoque]]*5.8575 | N43: 290 | Q43: N2507205 | R43: Yuri | S43: 45878 | T43: =INT(TODAY()-TabelaSobras8[[#This Row],[Data do Registro inical]])
A44: N | B44: =VLOOKUP(LEFT(A44,1),Tabela5[],2,0) | C44: EUCADUR FRJ - 2,5MM | D44: 695 | E44: 285 | F44: =TEXT(TabelaSobras8[[#This Row],[Comprimento Sobras (mm)]],0) & " X " & TEXT(E44,0) | G44: =(TabelaSobras8[[#This Row],[Comprimento Sobras (mm)]]*E44/1000000) | H44: 200 | I44: =IF(TabelaSobras8[[#This Row],[Estoque]]<=$V$2,$U$4,$U$5) | J44: =TabelaSobras8[[#This Row],[Quantidade de Sobra INICIAL]]-K44 | K44: =TabelaSobras8[[#This Row],[Quantidade de Sobra INICIAL]]-TabelaSobras8[[#This Row],[Saída]]-TabelaSobras8[[#This Row],[Saída 2]]-P44 | L44: Nesher | M44: =TabelaSobras8[[#This Row],[Estoque]]*5.8575 | N44: 200 | R44: Yuri | S44: 45878 | T44: =INT(TODAY()-TabelaSobras8[[#This Row],[Data do Registro inical]])
A45: N | B45: =VLOOKUP(LEFT(A45,1),Tabela5[],2,0) | C45: EUCADUR FRJ - 2,5MM | D45: 655 | E45: 390 | F45: =TEXT(TabelaSobras8[[#This Row],[Comprimento Sobras (mm)]],0) & " X " & TEXT(E45,0) | G45: =(TabelaSobras8[[#This Row],[Comprimento Sobras (mm)]]*E45/1000000) | H45: 200 | I45: =IF(TabelaSobras8[[#This Row],[Estoque]]<=$V$2,$U$4,$U$5) | J45: =TabelaSobras8[[#This Row],[Quantidade de Sobra INICIAL]]-K45 | K45: =TabelaSobras8[[#This Row],[Quantidade de Sobra INICIAL]]-TabelaSobras8[[#This Row],[Saída]]-TabelaSobras8[[#This Row],[Saída 2]]-P45 | L45: Nesher | M45: =TabelaSobras8[[#This Row],[Estoque]]*5.8575 | N45: 200 | Q45: RECORTAR | R45: Yuri | S45: 45878 | T45: =INT(TODAY()-TabelaSobras8[[#This Row],[Data do Registro inical]])
A46: I25033 | B46: =VLOOKUP(LEFT(A46,1),Tabela5[],2,0) | C46: EUCADUR NT - 2,5MM | D46: 695 | E46: 379 | F46: =TEXT(TabelaSobras8[[#This Row],[Comprimento Sobras (mm)]],0) & " X " & TEXT(E46,0) | G46: =(TabelaSobras8[[#This Row],[Comprimento Sobras (mm)]]*E46/1000000) | H46: =123-29 | I46: =IF(TabelaSobras8[[#This Row],[Estoque]]<=$V$2,$U$4,$U$5) | J46: =TabelaSobras8[[#This Row],[Quantidade de Sobra INICIAL]]-K46 | K46: =TabelaSobras8[[#This Row],[Quantidade de Sobra INICIAL]]-TabelaSobras8[[#This Row],[Saída]]-TabelaSobras8[[#This Row],[Saída 2]]-P46 | L46: Multilínea | M46: =TabelaSobras8[[#This Row],[Estoque]]*5.8575 | N46: 94 | Q46: M25037 | R46: Yuri | S46: 45878 | T46: =INT(TODAY()-TabelaSobras8[[#This Row],[Data do Registro inical]])
A47: N | B47: =VLOOKUP(LEFT(A47,1),Tabela5[],2,0) | C47: EUCADUR NT - 2,5MM | D47: 987 | E47: 268 | F47: =TEXT(TabelaSobras8[[#This Row],[Comprimento Sobras (mm)]],0) & " X " & TEXT(E47,0) | G47: =(TabelaSobras8[[#This Row],[Comprimento Sobras (mm)]]*E47/1000000) | H47: 727 | I47: =IF(TabelaSobras8[[#This Row],[Estoque]]<=$V$2,$U$4,$U$5) | J47: =TabelaSobras8[[#This Row],[Quantidade de Sobra INICIAL]]-K47 | K47: =TabelaSobras8[[#This Row],[Quantidade de Sobra INICIAL]]-TabelaSobras8[[#This Row],[Saída]]-TabelaSobras8[[#This Row],[Saída 2]]-P47 | L47: Nesher | M47: =TabelaSobras8[[#This Row],[Estoque]]*5.8575 | N47: 374 | O47: 353 | Q47: N25064-N25065-N2506701 | R47: Yuri | S47: 45839 | T47: =INT(TODAY()-TabelaSobras8[[#This Row],[Data do Registro inical]])
A48: N25060 | B48: =VLOOKUP(LEFT(A48,1),Tabela5[],2,0) | C48: EUCADUR NT - 2,5MM | D48: 695 | E48: 317 | F48: =TEXT(TabelaSobras8[[#This Row],[Comprimento Sobras (mm)]],0) & " X " & TEXT(E48,0) | G48: =(TabelaSobras8[[#This Row],[Comprimento Sobras (mm)]]*E48/1000000) | H48: 123 | I48: =IF(TabelaSobras8[[#This Row],[Estoque]]<=$V$2,$U$4,$U$5) | J48: =TabelaSobras8[[#This Row],[Quantidade de Sobra INICIAL]]-K48 | K48: =TabelaSobras8[[#This Row],[Quantidade de Sobra INICIAL]]-TabelaSobras8[[#This Row],[Saída]]-TabelaSobras8[[#This Row],[Saída 2]]-P48 | L48: Nesher | M48: =TabelaSobras8[[#This Row],[Estoque]]*5.8575 | N48: 27 | O48: 96 | Q48: N25068 N25074 | R48: Yuri | S48: 45867 | T48: =INT(TODAY()-TabelaSobras8[[#This Row],[Data do Registro inical]])
A49: N25063 | B49: =VLOOKUP(LEFT(A49,1),Tabela5[],2,0) | C49: EUCADUR FRJ - 2,5MM | D49: 329 | E49: 398 | F49: =TEXT(TabelaSobras8[[#This Row],[Comprimento Sobras (mm)]],0) & " X " & TEXT(E49,0) | G49: =(TabelaSobras8[[#This Row],[Comprimento Sobras (mm)]]*E49/1000000) | H49: 350 | I49: =IF(TabelaSobras8[[#This Row],[Estoque]]<=$V$2,$U$4,$U$5) | J49: =TabelaSobras8[[#This Row],[Quantidade de Sobra INICIAL]]-K49 | K49: =TabelaSobras8[[#This Row],[Quantidade de Sobra INICIAL]]-TabelaSobras8[[#This Row],[Saída]]-TabelaSobras8[[#This Row],[Saída 2]]-P49 | L49: Nesher | M49: =TabelaSobras8[[#This Row],[Estoque]]*5.8575 | N49: 350 | Q49: N2507204 | R49: Yuri | S49: 45878 | T49: =INT(TODAY()-TabelaSobras8[[#This Row],[Data do Registro inical]])
A50: N25064 | B50: =VLOOKUP(LEFT(A50,1),Tabela5[],2,0) | C50: EUCADUR NT - 2,5MM | D50: 695 | E50: 465 | F50: =TEXT(TabelaSobras8[[#This Row],[Comprimento Sobras (mm)]],0) & " X " & TEXT(E50,0) | G50: =(TabelaSobras8[[#This Row],[Comprimento Sobras (mm)]]*E50/1000000) | H50: 350 | I50: =IF(TabelaSobras8[[#This Row],[Estoque]]<=$V$2,$U$4,$U$5) | J50: =TabelaSobras8[[#This Row],[Quantidade de Sobra INICIAL]]-K50 | K50: =TabelaSobras8[[#This Row],[Quantidade de Sobra INICIAL]]-TabelaSobras8[[#This Row],[Saída]]-TabelaSobras8[[#This Row],[Saída 2]]-P50 | L50: Nesher | M50: =TabelaSobras8[[#This Row],[Estoque]]*5.8575 | N50: 350 | Q50: N25068 | R50: Yuri | S50: 45877 | T50: =INT(TODAY()-TabelaSobras8[[#This Row],[Data do Registro inical]])
A51: N25064 | B51: =VLOOKUP(LEFT(A51,1),Tabela5[],2,0) | C51: EUCADUR NT - 2,5MM | D51: 695 | E51: 440 | F51: =TEXT(TabelaSobras8[[#This Row],[Comprimento Sobras (mm)]],0) & " X " & TEXT(E51,0) | G51: =(TabelaSobras8[[#This Row],[Comprimento Sobras (mm)]]*E51/1000000) | H51: 350 | I51: =IF(TabelaSobras8[[#This Row],[Estoque]]<=$V$2,$U$4,$U$5) | J51: =TabelaSobras8[[#This Row],[Quantidade de Sobra INICIAL]]-K51 | K51: =TabelaSobras8[[#This Row],[Quantidade de Sobra INICIAL]]-TabelaSobras8[[#This Row],[Saída]]-TabelaSobras8[[#This Row],[Saída 2]]-P51 | L51: Nesher | M51: =TabelaSobras8[[#This Row],[Estoque]]*5.8575 | N51: 350 | Q51: N25068 | R51: Yuri | S51: 45877 | T51: =INT(TODAY()-TabelaSobras8[[#This Row],[Data do Registro inical]])
A52: N25064 | B52: =VLOOKUP(LEFT(A52,1),Tabela5[],2,0) | C52: EUCADUR NT - 2,5MM | D52: 540 | E52: 398 | F52: =TEXT(TabelaSobras8[[#This Row],[Comprimento Sobras (mm)]],0) & " X " & TEXT(E52,0) | G52: =(TabelaSobras8[[#This Row],[Comprimento Sobras (mm)]]*E52/1000000) | H52: 74 | I52: =IF(TabelaSobras8[[#This Row],[Estoque]]<=$V$2,$U$4,$U$5) | J52: =TabelaSobras8[[#This Row],[Quantidade de Sobra INICIAL]]-K52 | K52: =TabelaSobras8[[#This Row],[Quantidade de Sobra INICIAL]]-TabelaSobras8[[#This Row],[Saída]]-TabelaSobras8[[#This Row],[Saída 2]]-P52 | L52: Nesher | M52: =TabelaSobras8[[#This Row],[Estoque]]*5.8575 | N52: 74 | Q52: N2506601 | R52: Yuri | S52: 45877 | T52: =INT(TODAY()-TabelaSobras8[[#This Row],[Data do Registro inical]])
A53: N25064 | B53: =VLOOKUP(LEFT(A53,1),Tabela5[],2,0) | C53: EUCADUR NT - 2,5MM | D53: 695 | E53: 195 | F53: =TEXT(TabelaSobras8[[#This Row],[Comprimento Sobras (mm)]],0) & " X " & TEXT(E53,0) | G53: =(TabelaSobras8[[#This Row],[Comprimento Sobras (mm)]]*E53/1000000) | H53: =175+150 | I53: =IF(TabelaSobras8[[#This Row],[Estoque]]<=$V$2,$U$4,$U$5) | J53: =TabelaSobras8[[#This Row],[Quantidade de Sobra INICIAL]]-K53 | K53: =TabelaSobras8[[#This Row],[Quantidade de Sobra INICIAL]]-TabelaSobras8[[#This Row],[Saída]]-TabelaSobras8[[#This Row],[Saída 2]]-P53 | L53: Nesher | M53: =TabelaSobras8[[#This Row],[Estoque]]*5.8575 | N53: 325 | Q53: N25068 | R53: Yuri | S53: 45877 | T53: =INT(TODAY()-TabelaSobras8[[#This Row],[Data do Registro inical]])
A54: M25034 | B54: =VLOOKUP(LEFT(A54,1),Tabela5[],2,0) | C54: EUCADUR NT - 2,5MM | D54: 729 | E54: 398 | F54: =TEXT(TabelaSobras8[[#This Row],[Comprimento Sobras (mm)]],0) & " X " & TEXT(E54,0) | G54: =(TabelaSobras8[[#This Row],[Comprimento Sobras (mm)]]*E54/1000000) | H54: 350 | I54: =IF(TabelaSobras8[[#This Row],[Estoque]]<=$V$2,$U$4,$U$5) | J54: =TabelaSobras8[[#This Row],[Quantidade de Sobra INICIAL]]-K54 | K54: =TabelaSobras8[[#This Row],[Quantidade de Sobra INICIAL]]-TabelaSobras8[[#This Row],[Saída]]-TabelaSobras8[[#This Row],[Saída 2]]-P54 | L54: Multilínea | M54: =TabelaSobras8[[#This Row],[Estoque]]*5.8575 | N54: 350 | Q54: I25034 | S54: 45878 | T54: =INT(TODAY()-TabelaSobras8[[#This Row],[Data do Registro inical]])
A55: M25034 | B55: =VLOOKUP(LEFT(A55,1),Tabela5[],2,0) | C55: EUCADUR NT - 2,5MM | D55: 396 | E55: 98 | F55: =TEXT(TabelaSobras8[[#This Row],[Comprimento Sobras (mm)]],0) & " X " & TEXT(E55,0) | G55: =(TabelaSobras8[[#This Row],[Comprimento Sobras (mm)]]*E55/1000000) | H55: 313 | I55: =IF(TabelaSobras8[[#This Row],[Estoque]]<=$V$2,$U$4,$U$5) | J55: =TabelaSobras8[[#This Row],[Quantidade de Sobra INICIAL]]-K55 | K55: =TabelaSobras8[[#This Row],[Quantidade de Sobra INICIAL]]-TabelaSobras8[[#This Row],[Saída]]-TabelaSobras8[[#This Row],[Saída 2]]-P55 | L55: Multilínea | M55: =TabelaSobras8[[#This Row],[Estoque]]*5.8575 | N55: 313 | Q55: I25034 | S55: 45879 | T55: =INT(TODAY()-TabelaSobras8[[#This Row],[Data do Registro inical]])
A56: N25064 | B56: =VLOOKUP(LEFT(A56,1),Tabela5[],2,0) | C56: EUCADUR NT - 2,5MM | D56: 695 | E56: 381 | F56: =TEXT(TabelaSobras8[[#This Row],[Comprimento Sobras (mm)]],0) & " X " & TEXT(E56,0) | G56: =(TabelaSobras8[[#This Row],[Comprimento Sobras (mm)]]*E56/1000000) | H56: =255+150 | I56: =IF(TabelaSobras8[[#This Row],[Estoque]]<=$V$2,$U$4,$U$5) | J56: =TabelaSobras8[[#This Row],[Quantidade de Sobra INICIAL]]-K56 | K56: =TabelaSobras8[[#This Row],[Quantidade de Sobra INICIAL]]-TabelaSobras8[[#This Row],[Saída]]-TabelaSobras8[[#This Row],[Saída 2]]-P56 | L56: Nesher | M56: =TabelaSobras8[[#This Row],[Estoque]]*5.8575 | N56: 405 | Q56: N25068 | R56: Yuri | S56: 45877 | T56: =INT(TODAY()-TabelaSobras8[[#This Row],[Data do Registro inical]])
A57: N25065 | B57: =VLOOKUP(LEFT(A57,1),Tabela5[],2,0) | C57: EUCADUR NT - 2,5MM | D57: 795 | E57: 285 | F57: =TEXT(TabelaSobras8[[#This Row],[Comprimento Sobras (mm)]],0) & " X " & TEXT(E57,0) | G57: =(TabelaSobras8[[#This Row],[Comprimento Sobras (mm)]]*E57/1000000) | H57: =104+189 | I57: =IF(TabelaSobras8[[#This Row],[Estoque]]<=$V$2,$U$4,$U$5) | J57: =TabelaSobras8[[#This Row],[Quantidade de Sobra INICIAL]]-K57 | K57: =TabelaSobras8[[#This Row],[Quantidade de Sobra INICIAL]]-TabelaSobras8[[#This Row],[Saída]]-TabelaSobras8[[#This Row],[Saída 2]]-P57 | L57: Nesher | M57: =TabelaSobras8[[#This Row],[Estoque]]*5.8575 | N57: 293 | Q57: N25068 | R57: Yuri | S57: 45877 | T57: =INT(TODAY()-TabelaSobras8[[#This Row],[Data do Registro inical]])
A58: M25036 | B58: =VLOOKUP(LEFT(A58,1),Tabela5[],2,0) | C58: EUCADUR NT - 2,5MM | D58: 695 | E58: 337 | F58: =TEXT(TabelaSobras8[[#This Row],[Comprimento Sobras (mm)]],0) & " X " & TEXT(E58,0) | G58: =(TabelaSobras8[[#This Row],[Comprimento Sobras (mm)]]*E58/1000000) | H58: 39 | I58: =IF(TabelaSobras8[[#This Row],[Estoque]]<=$V$2,$U$4,$U$5) | J58: =TabelaSobras8[[#This Row],[Quantidade de Sobra INICIAL]]-K58 | K58: =TabelaSobras8[[#This Row],[Quantidade de Sobra INICIAL]]-TabelaSobras8[[#This Row],[Saída]]-TabelaSobras8[[#This Row],[Saída 2]]-P58 | L58: Multilínea | M58: =TabelaSobras8[[#This Row],[Estoque]]*5.8575 | N58: 39 | Q58: M25038 | R58: Yuri | S58: 45878 | T58: =INT(TODAY()-TabelaSobras8[[#This Row],[Data do Registro inical]])
A59: M25037 | B59: =VLOOKUP(LEFT(A59,1),Tabela5[],2,0) | C59: EUCADUR BR - 2,5MM | D59: 795 | E59: 195 | F59: =TEXT(TabelaSobras8[[#This Row],[Comprimento Sobras (mm)]],0) & " X " & TEXT(E59,0) | G59: =(TabelaSobras8[[#This Row],[Comprimento Sobras (mm)]]*E59/1000000) | H59: 31 | I59: =IF(TabelaSobras8[[#This Row],[Estoque]]<=$V$2,$U$4,$U$5) | J59: =TabelaSobras8[[#This Row],[Quantidade de Sobra INICIAL]]-K59 | K59: =TabelaSobras8[[#This Row],[Quantidade de Sobra INICIAL]]-TabelaSobras8[[#This Row],[Saída]]-TabelaSobras8[[#This Row],[Saída 2]]-P59 | L59: Multilínea | M59: =TabelaSobras8[[#This Row],[Estoque]]*5.8575 | R59: Yuri | S59: 45879 | T59: =INT(TODAY()-TabelaSobras8[[#This Row],[Data do Registro inical]])
A60: N25068 | B60: =VLOOKUP(LEFT(A60,1),Tabela5[],2,0) | C60: EUCADUR FRJ - 2,5MM | D60: 629 | E60: 398 | F60: =TEXT(TabelaSobras8[[#This Row],[Comprimento Sobras (mm)]],0) & " X " & TEXT(E60,0) | G60: =(TabelaSobras8[[#This Row],[Comprimento Sobras (mm)]]*E60/1000000) | H60: 195 | I60: =IF(TabelaSobras8[[#This Row],[Estoque]]<=$V$2,$U$4,$U$5) | J60: =TabelaSobras8[[#This Row],[Quantidade de Sobra INICIAL]]-K60 | K60: =TabelaSobras8[[#This Row],[Quantidade de Sobra INICIAL]]-TabelaSobras8[[#This Row],[Saída]]-TabelaSobras8[[#This Row],[Saída 2]]-P60 | L60: Nesher | M60: =TabelaSobras8[[#This Row],[Estoque]]*5.8575 | N60: 110 | O60: 85 | Q60: N2507205 N2507303 | R60: Yuri | S60: 45889 | T60: =INT(TODAY()-TabelaSobras8[[#This Row],[Data do Registro inical]])
A61: N25069 | B61: =VLOOKUP(LEFT(A61,1),Tabela5[],2,0) | C61: EUCADUR NT - 2,5MM | D61: 695 | E61: 317 | F61: =TEXT(TabelaSobras8[[#This Row],[Comprimento Sobras (mm)]],0) & " X " & TEXT(E61,0) | G61: =(TabelaSobras8[[#This Row],[Comprimento Sobras (mm)]]*E61/1000000) | H61: 339 | I61: =IF(TabelaSobras8[[#This Row],[Estoque]]<=$V$2,$U$4,$U$5) | J61: =TabelaSobras8[[#This Row],[Quantidade de Sobra INICIAL]]-K61 | K61: =TabelaSobras8[[#This Row],[Quantidade de Sobra INICIAL]]-TabelaSobras8[[#This Row],[Saída]]-TabelaSobras8[[#This Row],[Saída 2]]-P61 | L61: Nesher | M61: =TabelaSobras8[[#This Row],[Estoque]]*5.8575 | N61: 7 | O61: 332 | Q61: N2507804 | R61: Yuri | S61: 45890 | T61: =INT(TODAY()-TabelaSobras8[[#This Row],[Data do Registro inical]])
A62: N25070 | B62: =VLOOKUP(LEFT(A62,1),Tabela5[],2,0) | C62: EUCADUR NT - 2,5MM | D62: 695 | E62: 317 | F62: =TEXT(TabelaSobras8[[#This Row],[Comprimento Sobras (mm)]],0) & " X " & TEXT(E62,0) | G62: =(TabelaSobras8[[#This Row],[Comprimento Sobras (mm)]]*E62/1000000) | H62: 297 | I62: =IF(TabelaSobras8[[#This Row],[Estoque]]<=$V$2,$U$4,$U$5) | J62: =TabelaSobras8[[#This Row],[Quantidade de Sobra INICIAL]]-K62 | K62: =TabelaSobras8[[#This Row],[Quantidade de Sobra INICIAL]]-TabelaSobras8[[#This Row],[Saída]]-TabelaSobras8[[#This Row],[Saída 2]]-P62 | L62: Nesher | M62: =TabelaSobras8[[#This Row],[Estoque]]*5.8575 | N62: 297 | Q62: N25074 | R62: Yuri | S62: 45890 | T62: =INT(TODAY()-TabelaSobras8[[#This Row],[Data do Registro inical]])
A63: N25072 | B63: =VLOOKUP(LEFT(A63,1),Tabela5[],2,0) | C63: EUCADUR FRJ - 2,5MM | D63: 695 | E63: 190 | F63: =TEXT(TabelaSobras8[[#This Row],[Comprimento Sobras (mm)]],0) & " X " & TEXT(E63,0) | G63: =(TabelaSobras8[[#This Row],[Comprimento Sobras (mm)]]*E63/1000000) | H63: 57 | I63: =IF(TabelaSobras8[[#This Row],[Estoque]]<=$V$2,$U$4,$U$5) | J63: =TabelaSobras8[[#This Row],[Quantidade de Sobra INICIAL]]-K63 | K63: =TabelaSobras8[[#This Row],[Quantidade de Sobra INICIAL]]-TabelaSobras8[[#This Row],[Saída]]-TabelaSobras8[[#This Row],[Saída 2]]-P63 | L63: Nesher | M63: =TabelaSobras8[[#This Row],[Estoque]]*5.8575 | N63: 57 | Q63: N25073 | R63: Yuri | S63: 45896 | T63: =INT(TODAY()-TabelaSobras8[[#This Row],[Data do Registro inical]])
A64: M25038 | B64: =VLOOKUP(LEFT(A64,1),Tabela5[],2,0) | C64: EUCADUR NT - 2,5MM | D64: 695 | E64: 448 | F64: =TEXT(TabelaSobras8[[#This Row],[Comprimento Sobras (mm)]],0) & " X " & TEXT(E64,0) | G64: =(TabelaSobras8[[#This Row],[Comprimento Sobras (mm)]]*E64/1000000) | H64: 200 | I64: =IF(TabelaSobras8[[#This Row],[Estoque]]<=$V$2,$U$4,$U$5) | J64: =TabelaSobras8[[#This Row],[Quantidade de Sobra INICIAL]]-K64 | K64: =TabelaSobras8[[#This Row],[Quantidade de Sobra INICIAL]]-TabelaSobras8[[#This Row],[Saída]]-TabelaSobras8[[#This Row],[Saída 2]]-P64 | L64: Multilínea | M64: =TabelaSobras8[[#This Row],[Estoque]]*5.8575 | N64: 200 | Q64: M25038 | R64: Yuri | T64: =INT(TODAY()-TabelaSobras8[[#This Row],[Data do Registro inical]])
A65: M25039 | B65: =VLOOKUP(LEFT(A65,1),Tabela5[],2,0) | C65: EUCADUR NT - 2,5MM | D65: 695 | E65: 379 | F65: =TEXT(TabelaSobras8[[#This Row],[Comprimento Sobras (mm)]],0) & " X " & TEXT(E65,0) | G65: =(TabelaSobras8[[#This Row],[Comprimento Sobras (mm)]]*E65/1000000) | H65: 95 | I65: =IF(TabelaSobras8[[#This Row],[Estoque]]<=$V$2,$U$4,$U$5) | J65: =TabelaSobras8[[#This Row],[Quantidade de Sobra INICIAL]]-K65 | K65: =TabelaSobras8[[#This Row],[Quantidade de Sobra INICIAL]]-TabelaSobras8[[#This Row],[Saída]]-TabelaSobras8[[#This Row],[Saída 2]]-P65 | L65: Multilínea | M65: =TabelaSobras8[[#This Row],[Estoque]]*5.8575 | N65: 95 | Q65: M25042 | R65: Yuri | S65: 45901 | T65: =INT(TODAY()-TabelaSobras8[[#This Row],[Data do Registro inical]])
A66: M25039 | B66: =VLOOKUP(LEFT(A66,1),Tabela5[],2,0) | C66: EUCADUR NT - 2,5MM | D66: 695 | E66: 337 | F66: =TEXT(TabelaSobras8[[#This Row],[Comprimento Sobras (mm)]],0) & " X " & TEXT(E66,0) | G66: =(TabelaSobras8[[#This Row],[Comprimento Sobras (mm)]]*E66/1000000) | H66: 200 | I66: =IF(TabelaSobras8[[#This Row],[Estoque]]<=$V$2,$U$4,$U$5) | J66: =TabelaSobras8[[#This Row],[Quantidade de Sobra INICIAL]]-K66 | K66: =TabelaSobras8[[#This Row],[Quantidade de Sobra INICIAL]]-TabelaSobras8[[#This Row],[Saída]]-TabelaSobras8[[#This Row],[Saída 2]]-P66 | L66: Multilínea | M66: =TabelaSobras8[[#This Row],[Estoque]]*5.8575 | N66: 200 | Q66: I25038 | R66: Yuri | S66: 45901 | T66: =INT(TODAY()-TabelaSobras8[[#This Row],[Data do Registro inical]])
A67: N25074 | B67: =VLOOKUP(LEFT(A67,1),Tabela5[],2,0) | C67: EUCADUR NT - 2,5MM | D67: 987 | E67: 268 | F67: =TEXT(TabelaSobras8[[#This Row],[Comprimento Sobras (mm)]],0) & " X " & TEXT(E67,0) | G67: =(TabelaSobras8[[#This Row],[Comprimento Sobras (mm)]]*E67/1000000) | H67: 112 | I67: =IF(TabelaSobras8[[#This Row],[Estoque]]<=$V$2,$U$4,$U$5) | J67: =TabelaSobras8[[#This Row],[Quantidade de Sobra INICIAL]]-K67 | K67: =TabelaSobras8[[#This Row],[Quantidade de Sobra INICIAL]]-TabelaSobras8[[#This Row],[Saída]]-TabelaSobras8[[#This Row],[Saída 2]]-P67 | L67: Nesher | M67: =TabelaSobras8[[#This Row],[Estoque]]*5.8575 | N67: 112 | Q67: N25076 | R67: Yuri | S67: 45901 | T67: =INT(TODAY()-TabelaSobras8[[#This Row],[Data do Registro inical]])
A68: N25074 | B68: =VLOOKUP(LEFT(A68,1),Tabela5[],2,0) | C68: EUCADUR NT - 2,5MM | D68: 599 | E68: 398 | F68: =TEXT(TabelaSobras8[[#This Row],[Comprimento Sobras (mm)]],0) & " X " & TEXT(E68,0) | G68: =(TabelaSobras8[[#This Row],[Comprimento Sobras (mm)]]*E68/1000000) | H68: 110 | I68: =IF(TabelaSobras8[[#This Row],[Estoque]]<=$V$2,$U$4,$U$5) | J68: =TabelaSobras8[[#This Row],[Quantidade de Sobra INICIAL]]-K68 | K68: =TabelaSobras8[[#This Row],[Quantidade de Sobra INICIAL]]-TabelaSobras8[[#This Row],[Saída]]-TabelaSobras8[[#This Row],[Saída 2]]-P68 | L68: Nesher | M68: =TabelaSobras8[[#This Row],[Estoque]]*5.8575 | N68: 110 | Q68: N25077 | R68: Yuri | S68: 45901 | T68: =INT(TODAY()-TabelaSobras8[[#This Row],[Data do Registro inical]])
A69: N25075 | B69: =VLOOKUP(LEFT(A69,1),Tabela5[],2,0) | C69: EUCADUR FRJ - 2,5MM | D69: 629 | E69: 398 | F69: =TEXT(TabelaSobras8[[#This Row],[Comprimento Sobras (mm)]],0) & " X " & TEXT(E69,0) | G69: =(TabelaSobras8[[#This Row],[Comprimento Sobras (mm)]]*E69/1000000) | H69: 375 | I69: =IF(TabelaSobras8[[#This Row],[Estoque]]<=$V$2,$U$4,$U$5) | J69: =TabelaSobras8[[#This Row],[Quantidade de Sobra INICIAL]]-K69 | K69: =TabelaSobras8[[#This Row],[Quantidade de Sobra INICIAL]]-TabelaSobras8[[#This Row],[Saída]]-TabelaSobras8[[#This Row],[Saída 2]]-P69 | L69: Nesher | M69: =TabelaSobras8[[#This Row],[Estoque]]*5.8575 | N69: 375 | Q69: N25078 | R69: Yuri | S69: 45904 | T69: =INT(TODAY()-TabelaSobras8[[#This Row],[Data do Registro inical]])
A70: N25075 | B70: =VLOOKUP(LEFT(A70,1),Tabela5[],2,0) | C70: EUCADUR FRJ - 2,5MM | D70: 329 | E70: 398 | F70: =TEXT(TabelaSobras8[[#This Row],[Comprimento Sobras (mm)]],0) & " X " & TEXT(E70,0) | G70: =(TabelaSobras8[[#This Row],[Comprimento Sobras (mm)]]*E70/1000000) | H70: 205 | I70: =IF(TabelaSobras8[[#This Row],[Estoque]]<=$V$2,$U$4,$U$5) | J70: =TabelaSobras8[[#This Row],[Quantidade de Sobra INICIAL]]-K70 | K70: =TabelaSobras8[[#This Row],[Quantidade de Sobra INICIAL]]-TabelaSobras8[[#This Row],[Saída]]-TabelaSobras8[[#This Row],[Saída 2]]-P70 | L70: Nesher | M70: =TabelaSobras8[[#This Row],[Estoque]]*5.8575 | N70: 205 | Q70: N25081 | R70: Yuri | S70: 45904 | T70: =INT(TODAY()-TabelaSobras8[[#This Row],[Data do Registro inical]])
A71: M25040 | B71: =VLOOKUP(LEFT(A71,1),Tabela5[],2,0) | C71: EUCADUR NT - 2,5MM | D71: 695 | E71: 379 | F71: =TEXT(TabelaSobras8[[#This Row],[Comprimento Sobras (mm)]],0) & " X " & TEXT(E71,0) | G71: =(TabelaSobras8[[#This Row],[Comprimento Sobras (mm)]]*E71/1000000) | H71: 70 | I71: =IF(TabelaSobras8[[#This Row],[Estoque]]<=$V$2,$U$4,$U$5) | J71: =TabelaSobras8[[#This Row],[Quantidade de Sobra INICIAL]]-K71 | K71: =TabelaSobras8[[#This Row],[Quantidade de Sobra INICIAL]]-TabelaSobras8[[#This Row],[Saída]]-TabelaSobras8[[#This Row],[Saída 2]]-P71 | L71: Multilínea | M71: =TabelaSobras8[[#This Row],[Estoque]]*5.8575 | N71: 70 | Q71: M25042 | R71: Yuri | S71: 45903 | T71: =INT(TODAY()-TabelaSobras8[[#This Row],[Data do Registro inical]])
A72: I25038 | B72: =VLOOKUP(LEFT(A72,1),Tabela5[],2,0) | C72: EUCADUR NT - 2,5MM | D72: 695 | E72: 379 | F72: =TEXT(TabelaSobras8[[#This Row],[Comprimento Sobras (mm)]],0) & " X " & TEXT(E72,0) | G72: =(TabelaSobras8[[#This Row],[Comprimento Sobras (mm)]]*E72/1000000) | H72: 175 | I72: =IF(TabelaSobras8[[#This Row],[Estoque]]<=$V$2,$U$4,$U$5) | J72: =TabelaSobras8[[#This Row],[Quantidade de Sobra INICIAL]]-K72 | K72: =TabelaSobras8[[#This Row],[Quantidade de Sobra INICIAL]]-TabelaSobras8[[#This Row],[Saída]]-TabelaSobras8[[#This Row],[Saída 2]]-P72 | L72: Multilínea | M72: =TabelaSobras8[[#This Row],[Estoque]]*5.8575 | N72: 175 | Q72: M25042 | R72: Yuri | S72: 45911 | T72: =INT(TODAY()-TabelaSobras8[[#This Row],[Data do Registro inical]])
A73: M25041 | B73: =VLOOKUP(LEFT(A73,1),Tabela5[],2,0) | C73: EUCADUR FRJ - 2,5MM | D73: 635 | E73: 685 | F73: =TEXT(TabelaSobras8[[#This Row],[Comprimento Sobras (mm)]],0) & " X " & TEXT(E73,0) | G73: =(TabelaSobras8[[#This Row],[Comprimento Sobras (mm)]]*E73/1000000) | H73: 141 | I73: =IF(TabelaSobras8[[#This Row],[Estoque]]<=$V$2,$U$4,$U$5) | J73: =TabelaSobras8[[#This Row],[Quantidade de Sobra INICIAL]]-K73 | K73: =TabelaSobras8[[#This Row],[Quantidade de Sobra INICIAL]]-TabelaSobras8[[#This Row],[Saída]]-TabelaSobras8[[#This Row],[Saída 2]]-P73 | L73: Multilínea | M73: =TabelaSobras8[[#This Row],[Estoque]]*5.8575 | N73: 141 | Q73: M25043 | R73: Yuri | S73: 45912 | T73: =INT(TODAY()-TabelaSobras8[[#This Row],[Data do Registro inical]])
A74: M25041 | B74: =VLOOKUP(LEFT(A74,1),Tabela5[],2,0) | C74: EUCADUR BR - 2,5MM | D74: 695 | E74: 448 | F74: =TEXT(TabelaSobras8[[#This Row],[Comprimento Sobras (mm)]],0) & " X " & TEXT(E74,0) | G74: =(TabelaSobras8[[#This Row],[Comprimento Sobras (mm)]]*E74/1000000) | H74: 351 | I74: =IF(TabelaSobras8[[#This Row],[Estoque]]<=$V$2,$U$4,$U$5) | J74: =TabelaSobras8[[#This Row],[Quantidade de Sobra INICIAL]]-K74 | K74: =TabelaSobras8[[#This Row],[Quantidade de Sobra INICIAL]]-TabelaSobras8[[#This Row],[Saída]]-TabelaSobras8[[#This Row],[Saída 2]]-P74 | L74: Multilínea | M74: =TabelaSobras8[[#This Row],[Estoque]]*5.8575 | Q74: M25044 | R74: Yuri | S74: 45912 | T74: =INT(TODAY()-TabelaSobras8[[#This Row],[Data do Registro inical]])
A75: M25041 | B75: =VLOOKUP(LEFT(A75,1),Tabela5[],2,0) | C75: EUCADUR BR - 2,5MM | D75: 695 | E75: 509 | F75: =TEXT(TabelaSobras8[[#This Row],[Comprimento Sobras (mm)]],0) & " X " & TEXT(E75,0) | G75: =(TabelaSobras8[[#This Row],[Comprimento Sobras (mm)]]*E75/1000000) | H75: 164 | I75: =IF(TabelaSobras8[[#This Row],[Estoque]]<=$V$2,$U$4,$U$5) | J75: =TabelaSobras8[[#This Row],[Quantidade de Sobra INICIAL]]-K75 | K75: =TabelaSobras8[[#This Row],[Quantidade de Sobra INICIAL]]-TabelaSobras8[[#This Row],[Saída]]-TabelaSobras8[[#This Row],[Saída 2]]-P75 | L75: Multilínea | M75: =TabelaSobras8[[#This Row],[Estoque]]*5.8575 | Q75: M25044 | R75: Yuri | S75: 45914 | T75: =INT(TODAY()-TabelaSobras8[[#This Row],[Data do Registro inical]])
A76: M25041 | B76: =VLOOKUP(LEFT(A76,1),Tabela5[],2,0) | C76: EUCADUR BR - 2,5MM | D76: 695 | E76: 404 | F76: =TEXT(TabelaSobras8[[#This Row],[Comprimento Sobras (mm)]],0) & " X " & TEXT(E76,0) | G76: =(TabelaSobras8[[#This Row],[Comprimento Sobras (mm)]]*E76/1000000) | H76: 138 | I76: =IF(TabelaSobras8[[#This Row],[Estoque]]<=$V$2,$U$4,$U$5) | J76: =TabelaSobras8[[#This Row],[Quantidade de Sobra INICIAL]]-K76 | K76: =TabelaSobras8[[#This Row],[Quantidade de Sobra INICIAL]]-TabelaSobras8[[#This Row],[Saída]]-TabelaSobras8[[#This Row],[Saída 2]]-P76 | L76: Multilínea | M76: =TabelaSobras8[[#This Row],[Estoque]]*5.8575 | Q76: M25044 | R76: Yuri | S76: 45914 | T76: =INT(TODAY()-TabelaSobras8[[#This Row],[Data do Registro inical]])
A77: N | B77: =VLOOKUP(LEFT(A77,1),Tabela5[],2,0) | C77: EUCADUR NT - 2,5MM | D77: 540 | E77: 398 | F77: =TEXT(TabelaSobras8[[#This Row],[Comprimento Sobras (mm)]],0) & " X " & TEXT(E77,0) | G77: =(TabelaSobras8[[#This Row],[Comprimento Sobras (mm)]]*E77/1000000) | H77: 640 | I77: =IF(TabelaSobras8[[#This Row],[Estoque]]<=$V$2,$U$4,$U$5) | J77: =TabelaSobras8[[#This Row],[Quantidade de Sobra INICIAL]]-K77 | K77: =TabelaSobras8[[#This Row],[Quantidade de Sobra INICIAL]]-TabelaSobras8[[#This Row],[Saída]]-TabelaSobras8[[#This Row],[Saída 2]]-P77 | L77: Nesher | M77: =TabelaSobras8[[#This Row],[Estoque]]*5.8575 | N77: 577 | O77: 63 | Q77: 577 P/N25077 63 P/N2508004 | R77: Yuri | S77: 45915 | T77: =INT(TODAY()-TabelaSobras8[[#This Row],[Data do Registro inical]])
A78: N25077 | B78: =VLOOKUP(LEFT(A78,1),Tabela5[],2,0) | C78: EUCADUR NT - 2,5MM | D78: 462 | E78: 398 | F78: =TEXT(TabelaSobras8[[#This Row],[Comprimento Sobras (mm)]],0) & " X " & TEXT(E78,0) | G78: =(TabelaSobras8[[#This Row],[Comprimento Sobras (mm)]]*E78/1000000) | H78: 106 | I78: =IF(TabelaSobras8[[#This Row],[Estoque]]<=$V$2,$U$4,$U$5) | J78: =TabelaSobras8[[#This Row],[Quantidade de Sobra INICIAL]]-K78 | K78: =TabelaSobras8[[#This Row],[Quantidade de Sobra INICIAL]]-TabelaSobras8[[#This Row],[Saída]]-TabelaSobras8[[#This Row],[Saída 2]]-P78 | L78: Nesher | M78: =TabelaSobras8[[#This Row],[Estoque]]*5.8575 | N78: 106 | Q78: N2508004 | R78: Yuri | S78: 45915 | T78: =INT(TODAY()-TabelaSobras8[[#This Row],[Data do Registro inical]])
A79: N25077 | B79: =VLOOKUP(LEFT(A79,1),Tabela5[],2,0) | C79: EUCADUR NT - 2,5MM | D79: 987 | E79: 268 | F79: =TEXT(TabelaSobras8[[#This Row],[Comprimento Sobras (mm)]],0) & " X " & TEXT(E79,0) | G79: =(TabelaSobras8[[#This Row],[Comprimento Sobras (mm)]]*E79/1000000) | H79: 232 | I79: =IF(TabelaSobras8[[#This Row],[Estoque]]<=$V$2,$U$4,$U$5) | J79: =TabelaSobras8[[#This Row],[Quantidade de Sobra INICIAL]]-K79 | K79: =TabelaSobras8[[#This Row],[Quantidade de Sobra INICIAL]]-TabelaSobras8[[#This Row],[Saída]]-TabelaSobras8[[#This Row],[Saída 2]]-P79 | L79: Nesher | M79: =TabelaSobras8[[#This Row],[Estoque]]*5.8575 | N79: 232 | Q79: N2508004 | R79: Yuri | S79: 45915 | T79: =INT(TODAY()-TabelaSobras8[[#This Row],[Data do Registro inical]])
A80: N25079 | B80: =VLOOKUP(LEFT(A80,1),Tabela5[],2,0) | C80: EUCADUR NT - 2,5MM | D80: 697 | E80: 398 | F80: =TEXT(TabelaSobras8[[#This Row],[Comprimento Sobras (mm)]],0) & " X " & TEXT(E80,0) | G80: =(TabelaSobras8[[#This Row],[Comprimento Sobras (mm)]]*E80/1000000) | H80: 380 | I80: =IF(TabelaSobras8[[#This Row],[Estoque]]<=$V$2,$U$4,$U$5) | J80: =TabelaSobras8[[#This Row],[Quantidade de Sobra INICIAL]]-K80 | K80: =TabelaSobras8[[#This Row],[Quantidade de Sobra INICIAL]]-TabelaSobras8[[#This Row],[Saída]]-TabelaSobras8[[#This Row],[Saída 2]]-P80 | L80: Nesher | M80: =TabelaSobras8[[#This Row],[Estoque]]*5.8575 | N80: 380 | Q80: N2507804 | R80: Yuri | S80: 45917 | T80: =INT(TODAY()-TabelaSobras8[[#This Row],[Data do Registro inical]])
A81: L | B81: =VLOOKUP(LEFT(A81,1),Tabela5[],2,0) | C81: EUCADUR FRJ - 2,5MM | D81: 695 | E81: 330 | F81: =TEXT(TabelaSobras8[[#This Row],[Comprimento Sobras (mm)]],0) & " X " & TEXT(E81,0) | G81: =(TabelaSobras8[[#This Row],[Comprimento Sobras (mm)]]*E81/1000000) | H81: 470 | I81: =IF(TabelaSobras8[[#This Row],[Estoque]]<=$V$2,$U$4,$U$5) | J81: =TabelaSobras8[[#This Row],[Quantidade de Sobra INICIAL]]-K81 | K81: =TabelaSobras8[[#This Row],[Quantidade de Sobra INICIAL]]-TabelaSobras8[[#This Row],[Saída]]-TabelaSobras8[[#This Row],[Saída 2]]-P81 | L81: Nesher | M81: =TabelaSobras8[[#This Row],[Estoque]]*5.8575 | N81: 470 | Q81: I2600107 | R81: Yuri | S81: 46027 | T81: =INT(TODAY()-TabelaSobras8[[#This Row],[Data do Registro inical]])
A82: N25079 | B82: =VLOOKUP(LEFT(A82,1),Tabela5[],2,0) | C82: EUCADUR NT - 2,5MM | D82: 795 | E82: 285 | F82: =TEXT(TabelaSobras8[[#This Row],[Comprimento Sobras (mm)]],0) & " X " & TEXT(E82,0) | G82: =(TabelaSobras8[[#This Row],[Comprimento Sobras (mm)]]*E82/1000000) | H82: 185 | I82: =IF(TabelaSobras8[[#This Row],[Estoque]]<=$V$2,$U$4,$U$5) | J82: =TabelaSobras8[[#This Row],[Quantidade de Sobra INICIAL]]-K82 | K82: =TabelaSobras8[[#This Row],[Quantidade de Sobra INICIAL]]-TabelaSobras8[[#This Row],[Saída]]-TabelaSobras8[[#This Row],[Saída 2]]-P82 | L82: Nesher | M82: =TabelaSobras8[[#This Row],[Estoque]]*5.8575 | N82: 185 | R82: Yuri | S82: 45917 | T82: =INT(TODAY()-TabelaSobras8[[#This Row],[Data do Registro inical]])
A83: N25079 | B83: =VLOOKUP(LEFT(A83,1),Tabela5[],2,0) | C83: EUCADUR NT - 2,5MM | D83: 695 | E83: 317 | F83: =TEXT(TabelaSobras8[[#This Row],[Comprimento Sobras (mm)]],0) & " X " & TEXT(E83,0) | G83: =(TabelaSobras8[[#This Row],[Comprimento Sobras (mm)]]*E83/1000000) | H83: =177+12+69 | I83: =IF(TabelaSobras8[[#This Row],[Estoque]]<=$V$2,$U$4,$U$5) | J83: =TabelaSobras8[[#This Row],[Quantidade de Sobra INICIAL]]-K83 | K83: =TabelaSobras8[[#This Row],[Quantidade de Sobra INICIAL]]-TabelaSobras8[[#This Row],[Saída]]-TabelaSobras8[[#This Row],[Saída 2]]-P83 | L83: Nesher | M83: =TabelaSobras8[[#This Row],[Estoque]]*5.8575 | N83: 61 | O83: 197 | Q83: N2507804 N25083 | R83: Yuri | S83: 45917 | T83: =INT(TODAY()-TabelaSobras8[[#This Row],[Data do Registro inical]])
A84: N25082 | B84: =VLOOKUP(LEFT(A84,1),Tabela5[],2,0) | C84: EUCADUR FRJ - 2,5MM | D84: 695 | E84: 375 | F84: =TEXT(TabelaSobras8[[#This Row],[Comprimento Sobras (mm)]],0) & " X " & TEXT(E84,0) | G84: =(TabelaSobras8[[#This Row],[Comprimento Sobras (mm)]]*E84/1000000) | H84: 268 | I84: =IF(TabelaSobras8[[#This Row],[Estoque]]<=$V$2,$U$4,$U$5) | J84: =TabelaSobras8[[#This Row],[Quantidade de Sobra INICIAL]]-K84 | K84: =TabelaSobras8[[#This Row],[Quantidade de Sobra INICIAL]]-TabelaSobras8[[#This Row],[Saída]]-TabelaSobras8[[#This Row],[Saída 2]]-P84 | L84: Nesher | M84: =TabelaSobras8[[#This Row],[Estoque]]*5.8575 | N84: 268 | Q84: N25078 | R84: Yuri | S84: 45917 | T84: =INT(TODAY()-TabelaSobras8[[#This Row],[Data do Registro inical]])
A85: N25082 | B85: =VLOOKUP(LEFT(A85,1),Tabela5[],2,0) | C85: EUCADUR FRJ - 2,5MM | D85: 695 | E85: 330 | F85: =TEXT(TabelaSobras8[[#This Row],[Comprimento Sobras (mm)]],0) & " X " & TEXT(E85,0) | G85: =(TabelaSobras8[[#This Row],[Comprimento Sobras (mm)]]*E85/1000000) | H85: 102 | I85: =IF(TabelaSobras8[[#This Row],[Estoque]]<=$V$2,$U$4,$U$5) | J85: =TabelaSobras8[[#This Row],[Quantidade de Sobra INICIAL]]-K85 | K85: =TabelaSobras8[[#This Row],[Quantidade de Sobra INICIAL]]-TabelaSobras8[[#This Row],[Saída]]-TabelaSobras8[[#This Row],[Saída 2]]-P85 | L85: Nesher | M85: =TabelaSobras8[[#This Row],[Estoque]]*5.8575 | N85: 102 | Q85: N25078 | R85: Yuri | S85: 45917 | T85: =INT(TODAY()-TabelaSobras8[[#This Row],[Data do Registro inical]])
A86: N25082 | B86: =VLOOKUP(LEFT(A86,1),Tabela5[],2,0) | C86: EUCADUR FRJ - 2,5MM | D86: 695 | E86: 285 | F86: =TEXT(TabelaSobras8[[#This Row],[Comprimento Sobras (mm)]],0) & " X " & TEXT(E86,0) | G86: =(TabelaSobras8[[#This Row],[Comprimento Sobras (mm)]]*E86/1000000) | H86: 134 | I86: =IF(TabelaSobras8[[#This Row],[Estoque]]<=$V$2,$U$4,$U$5) | J86: =TabelaSobras8[[#This Row],[Quantidade de Sobra INICIAL]]-K86 | K86: =TabelaSobras8[[#This Row],[Quantidade de Sobra INICIAL]]-TabelaSobras8[[#This Row],[Saída]]-TabelaSobras8[[#This Row],[Saída 2]]-P86 | L86: Nesher | M86: =TabelaSobras8[[#This Row],[Estoque]]*5.8575 | N86: 134 | Q86: N25078 | R86: Yuri | S86: 45917 | T86: =INT(TODAY()-TabelaSobras8[[#This Row],[Data do Registro inical]])
A87: N25078 | B87: =VLOOKUP(LEFT(A87,1),Tabela5[],2,0) | C87: EUCADUR FRJ - 2,5MM | D87: 629 | E87: 398 | F87: =TEXT(TabelaSobras8[[#This Row],[Comprimento Sobras (mm)]],0) & " X " & TEXT(E87,0) | G87: =(TabelaSobras8[[#This Row],[Comprimento Sobras (mm)]]*E87/1000000) | H87: 200 | I87: =IF(TabelaSobras8[[#This Row],[Estoque]]<=$V$2,$U$4,$U$5) | J87: =TabelaSobras8[[#This Row],[Quantidade de Sobra INICIAL]]-K87 | K87: =TabelaSobras8[[#This Row],[Quantidade de Sobra INICIAL]]-TabelaSobras8[[#This Row],[Saída]]-TabelaSobras8[[#This Row],[Saída 2]]-P87 | L87: Nesher | M87: =TabelaSobras8[[#This Row],[Estoque]]*5.8575 | N87: 200 | Q87: N25081 | R87: Yuri | S87: 45918 | T87: =INT(TODAY()-TabelaSobras8[[#This Row],[Data do Registro inical]])
A88: L | B88: =VLOOKUP(LEFT(A88,1),Tabela5[],2,0) | C88: EUCADUR NT - 2,5MM | D88: 600 | E88: 726 | F88: =TEXT(TabelaSobras8[[#This Row],[Comprimento Sobras (mm)]],0) & " X " & TEXT(E88,0) | G88: =(TabelaSobras8[[#This Row],[Comprimento Sobras (mm)]]*E88/1000000) | H88: 68 | I88: =IF(TabelaSobras8[[#This Row],[Estoque]]<=$V$2,$U$4,$U$5) | J88: =TabelaSobras8[[#This Row],[Quantidade de Sobra INICIAL]]-K88 | K88: =TabelaSobras8[[#This Row],[Quantidade de Sobra INICIAL]]-TabelaSobras8[[#This Row],[Saída]]-TabelaSobras8[[#This Row],[Saída 2]]-P88 | L88: Líder | M88: =TabelaSobras8[[#This Row],[Estoque]]*5.8575 | N88: 68 | R88: Yuri | S88: 45918 | T88: =INT(TODAY()-TabelaSobras8[[#This Row],[Data do Registro inical]])
A89: L | B89: =VLOOKUP(LEFT(A89,1),Tabela5[],2,0) | C89: EUCADUR NT - 2,5MM | D89: 600 | E89: 731 | F89: =TEXT(TabelaSobras8[[#This Row],[Comprimento Sobras (mm)]],0) & " X " & TEXT(E89,0) | G89: =(TabelaSobras8[[#This Row],[Comprimento Sobras (mm)]]*E89/1000000) | H89: 13 | I89: =IF(TabelaSobras8[[#This Row],[Estoque]]<=$V$2,$U$4,$U$5) | J89: =TabelaSobras8[[#This Row],[Quantidade de Sobra INICIAL]]-K89 | K89: =TabelaSobras8[[#This Row],[Quantidade de Sobra INICIAL]]-TabelaSobras8[[#This Row],[Saída]]-TabelaSobras8[[#This Row],[Saída 2]]-P89 | L89: Líder | M89: =TabelaSobras8[[#This Row],[Estoque]]*5.8575 | N89: 13 | Q89: RECORTAR | R89: Yuri | S89: 45918 | T89: =INT(TODAY()-TabelaSobras8[[#This Row],[Data do Registro inical]])
A90: L | B90: =VLOOKUP(LEFT(A90,1),Tabela5[],2,0) | C90: EUCADUR NT - 2,5MM | D90: 540 | E90: 398 | F90: =TEXT(TabelaSobras8[[#This Row],[Comprimento Sobras (mm)]],0) & " X " & TEXT(E90,0) | G90: =(TabelaSobras8[[#This Row],[Comprimento Sobras (mm)]]*E90/1000000) | H90: 640 | I90: =IF(TabelaSobras8[[#This Row],[Estoque]]<=$V$2,$U$4,$U$5) | J90: =TabelaSobras8[[#This Row],[Quantidade de Sobra INICIAL]]-K90 | K90: =TabelaSobras8[[#This Row],[Quantidade de Sobra INICIAL]]-TabelaSobras8[[#This Row],[Saída]]-TabelaSobras8[[#This Row],[Saída 2]]-P90 | L90: Líder | M90: =TabelaSobras8[[#This Row],[Estoque]]*5.8575 | N90: 150 | O90: 40 | P90: 450 | Q90: L25056 | 55 L25057 | R90: Yuri | S90: 45918 | T90: =INT(TODAY()-TabelaSobras8[[#This Row],[Data do Registro inical]])
A91: L | B91: =VLOOKUP(LEFT(A91,1),Tabela5[],2,0) | C91: EUCADUR NT - 2,5MM | D91: 605 | E91: 726 | F91: =TEXT(TabelaSobras8[[#This Row],[Comprimento Sobras (mm)]],0) & " X " & TEXT(E91,0) | G91: =(TabelaSobras8[[#This Row],[Comprimento Sobras (mm)]]*E91/1000000) | H91: 68 | I91: =IF(TabelaSobras8[[#This Row],[Estoque]]<=$V$2,$U$4,$U$5) | J91: =TabelaSobras8[[#This Row],[Quantidade de Sobra INICIAL]]-K91 | K91: =TabelaSobras8[[#This Row],[Quantidade de Sobra INICIAL]]-TabelaSobras8[[#This Row],[Saída]]-TabelaSobras8[[#This Row],[Saída 2]]-P91 | L91: Líder | M91: =TabelaSobras8[[#This Row],[Estoque]]*5.8575 | N91: 68 | Q91: RECORTAR | R91: Yuri | S91: 45918 | T91: =INT(TODAY()-TabelaSobras8[[#This Row],[Data do Registro inical]])
A92: L25056 | B92: =VLOOKUP(LEFT(A92,1),Tabela5[],2,0) | C92: EUCADUR NT - 2,5MM | D92: 462 | E92: 398 | F92: =TEXT(TabelaSobras8[[#This Row],[Comprimento Sobras (mm)]],0) & " X " & TEXT(E92,0) | G92: =(TabelaSobras8[[#This Row],[Comprimento Sobras (mm)]]*E92/1000000) | H92: 24 | I92: =IF(TabelaSobras8[[#This Row],[Estoque]]<=$V$2,$U$4,$U$5) | J92: =TabelaSobras8[[#This Row],[Quantidade de Sobra INICIAL]]-K92 | K92: =TabelaSobras8[[#This Row],[Quantidade de Sobra INICIAL]]-TabelaSobras8[[#This Row],[Saída]]-TabelaSobras8[[#This Row],[Saída 2]]-P92 | L92: Líder | M92: =TabelaSobras8[[#This Row],[Estoque]]*5.8575 | N92: 24 | Q92: L2505803 | R92: Yuri | S92: 45918 | T92: =INT(TODAY()-TabelaSobras8[[#This Row],[Data do Registro inical]])
A93: N25079 | B93: =VLOOKUP(LEFT(A93,1),Tabela5[],2,0) | C93: EUCADUR NT - 2,5MM | D93: 695 | E93: 381 | F93: =TEXT(TabelaSobras8[[#This Row],[Comprimento Sobras (mm)]],0) & " X " & TEXT(E93,0) | G93: =(TabelaSobras8[[#This Row],[Comprimento Sobras (mm)]]*E93/1000000) | H93: 21 | I93: =IF(TabelaSobras8[[#This Row],[Estoque]]<=$V$2,$U$4,$U$5) | J93: =TabelaSobras8[[#This Row],[Quantidade de Sobra INICIAL]]-K93 | K93: =TabelaSobras8[[#This Row],[Quantidade de Sobra INICIAL]]-TabelaSobras8[[#This Row],[Saída]]-TabelaSobras8[[#This Row],[Saída 2]]-P93 | L93: Nesher | M93: =TabelaSobras8[[#This Row],[Estoque]]*5.8575 | N93: 21 | Q93: N25083 | R93: Yuri | S93: 45924 | T93: =INT(TODAY()-TabelaSobras8[[#This Row],[Data do Registro inical]])
A94: N25079 | B94: =VLOOKUP(LEFT(A94,1),Tabela5[],2,0) | C94: EUCADUR NT - 2,5MM | D94: 695 | E94: 465 | F94: =TEXT(TabelaSobras8[[#This Row],[Comprimento Sobras (mm)]],0) & " X " & TEXT(E94,0) | G94: =(TabelaSobras8[[#This Row],[Comprimento Sobras (mm)]]*E94/1000000) | H94: 18 | I94: =IF(TabelaSobras8[[#This Row],[Estoque]]<=$V$2,$U$4,$U$5) | J94: =TabelaSobras8[[#This Row],[Quantidade de Sobra INICIAL]]-K94 | K94: =TabelaSobras8[[#This Row],[Quantidade de Sobra INICIAL]]-TabelaSobras8[[#This Row],[Saída]]-TabelaSobras8[[#This Row],[Saída 2]]-P94 | L94: Nesher | M94: =TabelaSobras8[[#This Row],[Estoque]]*5.8575 | N94: 18 | Q94: N25083 | R94: Yuri | S94: 45924 | T94: =INT(TODAY()-TabelaSobras8[[#This Row],[Data do Registro inical]])
A95: N25079 | B95: =VLOOKUP(LEFT(A95,1),Tabela5[],2,0) | C95: EUCADUR NT - 2,5MM | D95: 697 | E95: 398 | F95: =TEXT(TabelaSobras8[[#This Row],[Comprimento Sobras (mm)]],0) & " X " & TEXT(E95,0) | G95: =(TabelaSobras8[[#This Row],[Comprimento Sobras (mm)]]*E95/1000000) | H95: 250 | I95: =IF(TabelaSobras8[[#This Row],[Estoque]]<=$V$2,$U$4,$U$5) | J95: =TabelaSobras8[[#This Row],[Quantidade de Sobra INICIAL]]-K95 | K95: =TabelaSobras8[[#This Row],[Quantidade de Sobra INICIAL]]-TabelaSobras8[[#This Row],[Saída]]-TabelaSobras8[[#This Row],[Saída 2]]-P95 | L95: Nesher | M95: =TabelaSobras8[[#This Row],[Estoque]]*5.8575 | N95: 250 | Q95: N25083 | R95: Yuri | S95: 45924 | T95: =INT(TODAY()-TabelaSobras8[[#This Row],[Data do Registro inical]])
A96: L2505401 | B96: =VLOOKUP(LEFT(A96,1),Tabela5[],2,0) | C96: EUCADUR FRJ - 2,5MM | D96: 695 | E96: 330 | F96: =TEXT(TabelaSobras8[[#This Row],[Comprimento Sobras (mm)]],0) & " X " & TEXT(E96,0) | G96: =(TabelaSobras8[[#This Row],[Comprimento Sobras (mm)]]*E96/1000000) | H96: 300 | I96: =IF(TabelaSobras8[[#This Row],[Estoque]]<=$V$2,$U$4,$U$5) | J96: =TabelaSobras8[[#This Row],[Quantidade de Sobra INICIAL]]-K96 | K96: =TabelaSobras8[[#This Row],[Quantidade de Sobra INICIAL]]-TabelaSobras8[[#This Row],[Saída]]-TabelaSobras8[[#This Row],[Saída 2]]-P96 | L96: Líder | M96: =TabelaSobras8[[#This Row],[Estoque]]*5.8575 | N96: 300 | Q96: ENVIAR P/NESHER | R96: Yuri | S96: 45918 | T96: =INT(TODAY()-TabelaSobras8[[#This Row],[Data do Registro inical]])
A97: L2505401 | B97: =VLOOKUP(LEFT(A97,1),Tabela5[],2,0) | C97: EUCADUR FRJ - 2,5MM | D97: 1195 | E97: 170 | F97: =TEXT(TabelaSobras8[[#This Row],[Comprimento Sobras (mm)]],0) & " X " & TEXT(E97,0) | G97: =(TabelaSobras8[[#This Row],[Comprimento Sobras (mm)]]*E97/1000000) | H97: 132 | I97: =IF(TabelaSobras8[[#This Row],[Estoque]]<=$V$2,$U$4,$U$5) | J97: =TabelaSobras8[[#This Row],[Quantidade de Sobra INICIAL]]-K97 | K97: =TabelaSobras8[[#This Row],[Quantidade de Sobra INICIAL]]-TabelaSobras8[[#This Row],[Saída]]-TabelaSobras8[[#This Row],[Saída 2]]-P97 | L97: Líder | M97: =TabelaSobras8[[#This Row],[Estoque]]*5.8575 | N97: 132 | Q97: ENVIAR P/NESHER | R97: Yuri | S97: 45918 | T97: =INT(TODAY()-TabelaSobras8[[#This Row],[Data do Registro inical]])
A98: L2505804-03 | B98: =VLOOKUP(LEFT(A98,1),Tabela5[],2,0) | C98: EUCADUR NT - 2,5MM | D98: 987 | E98: 395 | F98: =TEXT(TabelaSobras8[[#This Row],[Comprimento Sobras (mm)]],0) & " X " & TEXT(E98,0) | G98: =(TabelaSobras8[[#This Row],[Comprimento Sobras (mm)]]*E98/1000000) | H98: =30+152 | I98: =IF(TabelaSobras8[[#This Row],[Estoque]]<=$V$2,$U$4,$U$5) | J98: =TabelaSobras8[[#This Row],[Quantidade de Sobra INICIAL]]-K98 | K98: =TabelaSobras8[[#This Row],[Quantidade de Sobra INICIAL]]-TabelaSobras8[[#This Row],[Saída]]-TabelaSobras8[[#This Row],[Saída 2]]-P98 | L98: Líder | M98: =TabelaSobras8[[#This Row],[Estoque]]*5.8575 | N98: 182 | Q98: L2506003 | R98: Yuri | S98: 45932 | T98: =INT(TODAY()-TabelaSobras8[[#This Row],[Data do Registro inical]])
A99: N | B99: =VLOOKUP(LEFT(A99,1),Tabela5[],2,0) | C99: EUCADUR FRJ - 2,5MM | D99: 329 | E99: 398 | F99: =TEXT(TabelaSobras8[[#This Row],[Comprimento Sobras (mm)]],0) & " X " & TEXT(E99,0) | G99: =(TabelaSobras8[[#This Row],[Comprimento Sobras (mm)]]*E99/1000000) | H99: 1144 | I99: =IF(TabelaSobras8[[#This Row],[Estoque]]<=$V$2,$U$4,$U$5) | J99: =TabelaSobras8[[#This Row],[Quantidade de Sobra INICIAL]]-K99 | K99: =TabelaSobras8[[#This Row],[Quantidade de Sobra INICIAL]]-TabelaSobras8[[#This Row],[Saída]]-TabelaSobras8[[#This Row],[Saída 2]]-P99 | L99: Nesher | M99: =TabelaSobras8[[#This Row],[Estoque]]*5.8575 | N99: 1144 | Q99: N2508306,N2508310 | R99: Yuri | S99: 45933 | T99: =INT(TODAY()-TabelaSobras8[[#This Row],[Data do Registro inical]])
A100: N | B100: =VLOOKUP(LEFT(A100,1),Tabela5[],2,0) | C100: EUCADUR FRJ - 2,5MM | F100: =TEXT(TabelaSobras8[[#This Row],[Comprimento Sobras (mm)]],0) & " X " & TEXT(E100,0) | G100: =(TabelaSobras8[[#This Row],[Comprimento Sobras (mm)]]*E100/1000000) | I100: =IF(TabelaSobras8[[#This Row],[Estoque]]<=$V$2,$U$4,$U$5) | J100: =TabelaSobras8[[#This Row],[Quantidade de Sobra INICIAL]]-K100 | K100: =TabelaSobras8[[#This Row],[Quantidade de Sobra INICIAL]]-TabelaSobras8[[#This Row],[Saída]]-TabelaSobras8[[#This Row],[Saída 2]]-P100 | M100: =TabelaSobras8[[#This Row],[Estoque]]*5.8575 | T100: =INT(TODAY()-TabelaSobras8[[#This Row],[Data do Registro inical]])
A101: N | B101: =VLOOKUP(LEFT(A101,1),Tabela5[],2,0) | F101: =TEXT(TabelaSobras8[[#This Row],[Comprimento Sobras (mm)]],0) & " X " & TEXT(E101,0) | G101: =(TabelaSobras8[[#This Row],[Comprimento Sobras (mm)]]*E101/1000000) | I101: =IF(TabelaSobras8[[#This Row],[Estoque]]<=$V$2,$U$4,$U$5) | J101: =TabelaSobras8[[#This Row],[Quantidade de Sobra INICIAL]]-K101 | K101: =TabelaSobras8[[#This Row],[Quantidade de Sobra INICIAL]]-TabelaSobras8[[#This Row],[Saída]]-TabelaSobras8[[#This Row],[Saída 2]]-P101 | M101: =TabelaSobras8[[#This Row],[Estoque]]*5.8575 | T101: =INT(TODAY()-TabelaSobras8[[#This Row],[Data do Registro inical]])
...

Sheet Controle de Sobras MDF
U1: 0 | V1: Aproveitada | W1: Disponível | X1: média de dias | Y1: APROVEITADA
A2: Lote de Origem | B2: Fábrica | C2: Tipo de Chapa/COR | D2: Valor por m² | E2: Comprimento Sobras (mm) | F2: Largura Sobras (mm) | G2: Peça | H2: M² Sobras | I2: Quantidade de Sobra | J2: Status da Sobra | K2: Quantidade Aproveitada | L2: Estoque | M2: Local de Armazenamento | N2: M² Disponível | O2: Saída | P2: Saída 2 | Q2: Reaproveitada em OP | R2: Responsável pelo Registro | S2: Data do Registro inicial | T2: Dias parados | X2: =AVERAGEIF(TabelaSobras[Status da Sobra], "Disponível",TabelaSobras[Dias parados]) | Y2: =SUM(TabelaSobras[Quantidade Aproveitada])
A3: N2507901 | B3: =VLOOKUP(LEFT(A3,1),Tabela5[],2,0) | C3: MDF - 15MM | D3: =VLOOKUP(TabelaSobras[[#This Row],[Tipo de Chapa/COR]],'PREÇOS MDF'!$A$7:$B$10,2,0) | E3: 343 | F3: 297 | G3: =TabelaSobras[[#This Row],[Comprimento Sobras (mm)]] & " X " & F3 | H3: =(TabelaSobras[[#This Row],[Comprimento Sobras (mm)]]*F3/1000000) | I3: 310 | J3: =IF(TabelaSobras[[#This Row],[Estoque]]<=$U$1,$V$1,$W$1) | K3: =TabelaSobras[[#This Row],[Quantidade de Sobra]]-L3 | L3: =TabelaSobras[[#This Row],[Quantidade de Sobra]]-TabelaSobras[[#This Row],[Saída]]-TabelaSobras[[#This Row],[Saída 2]] | M3: Nesher | N3: =TabelaSobras[[#This Row],[M² Sobras]]*L3 | O3: 310 | Q3: N2507902 | R3: Yuri | S3: 45916 | T3: =TODAY()-TabelaSobras[[#This Row],[Data do Registro inicial]]
A4: N2507904 | B4: =VLOOKUP(LEFT(A4,1),Tabela5[],2,0) | C4: MDF - 15MM | D4: =VLOOKUP(TabelaSobras[[#This Row],[Tipo de Chapa/COR]],'PREÇOS MDF'!$A$7:$B$10,2,0) | E4: 343 | F4: 297 | G4: =TabelaSobras[[#This Row],[Comprimento Sobras (mm)]] & " X " & F4 | H4: =(TabelaSobras[[#This Row],[Comprimento Sobras (mm)]]*F4/1000000) | I4: 60 | J4: =IF(TabelaSobras[[#This Row],[Estoque]]<=$U$1,$V$1,$W$1) | K4: =TabelaSobras[[#This Row],[Quantidade de Sobra]]-L4 | L4: =TabelaSobras[[#This Row],[Quantidade de Sobra]]-TabelaSobras[[#This Row],[Saída]]-TabelaSobras[[#This Row],[Saída 2]] | M4: Nesher | N4: =TabelaSobras[[#This Row],[M² Sobras]]*L4 | O4: 60 | Q4: N2507902 | R4: Yuri | S4: 45916 | T4: =TODAY()-TabelaSobras[[#This Row],[Data do Registro inicial]]
A5: N | B5: =VLOOKUP(LEFT(A5,1),Tabela5[],2,0) | C5: MDF - 15MM | D5: =VLOOKUP(TabelaSobras[[#This Row],[Tipo de Chapa/COR]],'PREÇOS MDF'!$A$7:$B$10,2,0) | E5: 400 | F5: 263 | G5: =TabelaSobras[[#This Row],[Comprimento Sobras (mm)]] & " X " & F5 | H5: =(TabelaSobras[[#This Row],[Comprimento Sobras (mm)]]*F5/1000000) | I5: 160 | J5: =IF(TabelaSobras[[#This Row],[Estoque]]<=$U$1,$V$1,$W$1) | K5: =TabelaSobras[[#This Row],[Quantidade de Sobra]]-L5 | L5: =TabelaSobras[[#This Row],[Quantidade de Sobra]]-TabelaSobras[[#This Row],[Saída]]-TabelaSobras[[#This Row],[Saída 2]] | M5: Nesher | N5: =TabelaSobras[[#This Row],[M² Sobras]]*L5 | O5: 160 | Q5: N2507905 | R5: Yuri | S5: 45924 | T5: =TODAY()-TabelaSobras[[#This Row],[Data do Registro inicial]]
A6: N | B6: =VLOOKUP(LEFT(A6,1),Tabela5[],2,0) | C6: MDF - 15MM | D6: =VLOOKUP(TabelaSobras[[#This Row],[Tipo de Chapa/COR]],'PREÇOS MDF'!$A$7:$B$10,2,0) | E6: 400 | F6: 263 | G6: =TabelaSobras[[#This Row],[Comprimento Sobras (mm)]] & " X " & F6 | H6: =(TabelaSobras[[#This Row],[Comprimento Sobras (mm)]]*F6/1000000) | I6: =23+40 | J6: =IF(TabelaSobras[[#This Row],[Estoque]]<=$U$1,$V$1,$W$1) | K6: =TabelaSobras[[#This Row],[Quantidade de Sobra]]-L6 | L6: =TabelaSobras[[#This Row],[Quantidade de Sobra]]-TabelaSobras[[#This Row],[Saída]]-TabelaSobras[[#This Row],[Saída 2]] | M6: Nesher | N6: =TabelaSobras[[#This Row],[M² Sobras]]*L6 | O6: 32 | P6: 31 | Q6: N2508103 N2508202 | R6: Yuri | S6: 45924 | T6: =TODAY()-TabelaSobras[[#This Row],[Data do Registro inicial]]
A7: N2508001 | B7: =VLOOKUP(LEFT(A7,1),Tabela5[],2,0) | C7: MDF - 15MM | D7: =VLOOKUP(TabelaSobras[[#This Row],[Tipo de Chapa/COR]],'PREÇOS MDF'!$A$7:$B$10,2,0) | E7: 2750 | F7: 1050 | G7: =TabelaSobras[[#This Row],[Comprimento Sobras (mm)]] & " X " & F7 | H7: =(TabelaSobras[[#This Row],[Comprimento Sobras (mm)]]*F7/1000000) | I7: 1 | J7: =IF(TabelaSobras[[#This Row],[Estoque]]<=$U$1,$V$1,$W$1) | K7: =TabelaSobras[[#This Row],[Quantidade de Sobra]]-L7 | L7: =TabelaSobras[[#This Row],[Quantidade de Sobra]]-TabelaSobras[[#This Row],[Saída]]-TabelaSobras[[#This Row],[Saída 2]] | M7: Nesher | N7: =TabelaSobras[[#This Row],[M² Sobras]]*L7 | O7: 1 | Q7: RECORTE N2508001 | R7: Yuri | S7: 45924 | T7: =TODAY()-TabelaSobras[[#This Row],[Data do Registro inicial]]
A8: N2508104 | B8: =VLOOKUP(LEFT(A8,1),Tabela5[],2,0) | C8: MDF - 15MM | D8: 400 | E8: 400 | F8: 263 | G8: =TabelaSobras[[#This Row],[Comprimento Sobras (mm)]] & " X " & F8 | H8: =(TabelaSobras[[#This Row],[Comprimento Sobras (mm)]]*F8/1000000) | I8: 24 | J8: =IF(TabelaSobras[[#This Row],[Estoque]]<=$U$1,$V$1,$W$1) | K8: =TabelaSobras[[#This Row],[Quantidade de Sobra]]-L8 | L8: =TabelaSobras[[#This Row],[Quantidade de Sobra]]-TabelaSobras[[#This Row],[Saída]]-TabelaSobras[[#This Row],[Saída 2]] | M8: Nesher | N8: =TabelaSobras[[#This Row],[M² Sobras]]*L8 | O8: 24 | Q8: N2508202 | R8: Yuri | S8: 45926 | T8: =TODAY()-TabelaSobras[[#This Row],[Data do Registro inicial]]
A9: N2508105 | B9: =VLOOKUP(LEFT(A9,1),Tabela5[],2,0) | C9: MDF - 15MM | D9: =VLOOKUP(TabelaSobras[[#This Row],[Tipo de Chapa/COR]],'PREÇOS MDF'!$A$7:$B$10,2,0) | E9: 2750 | F9: 750 | G9: =TabelaSobras[[#This Row],[Comprimento Sobras (mm)]] & " X " & F9 | H9: =(TabelaSobras[[#This Row],[Comprimento Sobras (mm)]]*F9/1000000) | I9: 1 | J9: =IF(TabelaSobras[[#This Row],[Estoque]]<=$U$1,$V$1,$W$1) | K9: =TabelaSobras[[#This Row],[Quantidade de Sobra]]-L9 | L9: =TabelaSobras[[#This Row],[Quantidade de Sobra]]-TabelaSobras[[#This Row],[Saída]]-TabelaSobras[[#This Row],[Saída 2]] | M9: Nesher | N9: =TabelaSobras[[#This Row],[M² Sobras]]*L9 | O9: 1 | R9: Yuri | S9: 45926 | T9: =TODAY()-TabelaSobras[[#This Row],[Data do Registro inicial]]
A10: N250820 | B10: =VLOOKUP(LEFT(A10,1),Tabela5[],2,0) | C10: MDF - 15MM | D10: =VLOOKUP(TabelaSobras[[#This Row],[Tipo de Chapa/COR]],'PREÇOS MDF'!$A$7:$B$10,2,0) | E10: 400 | F10: 263 | G10: =TabelaSobras[[#This Row],[Comprimento Sobras (mm)]] & " X " & F10 | H10: =(TabelaSobras[[#This Row],[Comprimento Sobras (mm)]]*F10/1000000) | I10: =19+17+58 | J10: =IF(TabelaSobras[[#This Row],[Estoque]]<=$U$1,$V$1,$W$1) | K10: =TabelaSobras[[#This Row],[Quantidade de Sobra]]-L10 | L10: =TabelaSobras[[#This Row],[Quantidade de Sobra]]-TabelaSobras[[#This Row],[Saída]]-TabelaSobras[[#This Row],[Saída 2]] | M10: Nesher | N10: =TabelaSobras[[#This Row],[M² Sobras]]*L10 | O10: 94 | Q10: N2508306 | R10: Yuri | S10: 45930 | T10: =TODAY()-TabelaSobras[[#This Row],[Data do Registro inicial]]
A11: N2508202 | B11: =VLOOKUP(LEFT(A11,1),Tabela5[],2,0) | C11: MDF - 15MM | D11: =VLOOKUP(TabelaSobras[[#This Row],[Tipo de Chapa/COR]],'PREÇOS MDF'!$A$7:$B$10,2,0) | E11: 2200 | F11: 500 | G11: =TabelaSobras[[#This Row],[Comprimento Sobras (mm)]] & " X " & F11 | H11: =(TabelaSobras[[#This Row],[Comprimento Sobras (mm)]]*F11/1000000) | I11: 1 | J11: =IF(TabelaSobras[[#This Row],[Estoque]]<=$U$1,$V$1,$W$1) | K11: =TabelaSobras[[#This Row],[Quantidade de Sobra]]-L11 | L11: =TabelaSobras[[#This Row],[Quantidade de Sobra]]-TabelaSobras[[#This Row],[Saída]]-TabelaSobras[[#This Row],[Saída 2]] | M11: Nesher | N11: =TabelaSobras[[#This Row],[M² Sobras]]*L11 | O11: 1 | R11: Yuri | S11: 45930 | T11: =TODAY()-TabelaSobras[[#This Row],[Data do Registro inicial]]
A12: N2508303 | B12: =VLOOKUP(LEFT(A12,1),Tabela5[],2,0) | C12: MDF - 15MM | D12: =VLOOKUP(TabelaSobras[[#This Row],[Tipo de Chapa/COR]],'PREÇOS MDF'!$A$7:$B$10,2,0) | E12: 400 | F12: 263 | G12: =TabelaSobras[[#This Row],[Comprimento Sobras (mm)]] & " X " & F12 | H12: =(TabelaSobras[[#This Row],[Comprimento Sobras (mm)]]*F12/1000000) | I12: =249+203+114 | J12: =IF(TabelaSobras[[#This Row],[Estoque]]<=$U$1,$V$1,$W$1) | K12: =TabelaSobras[[#This Row],[Quantidade de Sobra]]-L12 | L12: =TabelaSobras[[#This Row],[Quantidade de Sobra]]-TabelaSobras[[#This Row],[Saída]]-TabelaSobras[[#This Row],[Saída 2]] | M12: Nesher | N12: =TabelaSobras[[#This Row],[M² Sobras]]*L12 | O12: 566 | Q12: N2508306 | R12: Yuri | S12: 45931 | T12: =TODAY()-TabelaSobras[[#This Row],[Data do Registro inicial]]
A13: L FURAÇÃO ERRADA | B13: =VLOOKUP(LEFT(A13,1),Tabela5[],2,0) | C13: MDF - 15MM | D13: =VLOOKUP(TabelaSobras[[#This Row],[Tipo de Chapa/COR]],'PREÇOS MDF'!$A$7:$B$10,2,0) | E13: 313 | F13: 297 | G13: =TabelaSobras[[#This Row],[Comprimento Sobras (mm)]] & " X " & F13 | H13: =(TabelaSobras[[#This Row],[Comprimento Sobras (mm)]]*F13/1000000) | I13: 900 | J13: =IF(TabelaSobras[[#This Row],[Estoque]]<=$U$1,$V$1,$W$1) | K13: =TabelaSobras[[#This Row],[Quantidade de Sobra]]-L13 | L13: =TabelaSobras[[#This Row],[Quantidade de Sobra]]-TabelaSobras[[#This Row],[Saída]]-TabelaSobras[[#This Row],[Saída 2]] | M13: Líder | N13: =TabelaSobras[[#This Row],[M² Sobras]]*L13 | O13: 620 | P13: 280 | Q13: 280 REFUGO - 620 APROVEITADAS L2506902 | R13: Yuri | S13: 45953 | T13: =TODAY()-TabelaSobras[[#This Row],[Data do Registro inicial]]
A14: l | B14: =VLOOKUP(LEFT(A14,1),Tabela5[],2,0) | C14: MDF - 15MM | D14: =VLOOKUP(TabelaSobras[[#This Row],[Tipo de Chapa/COR]],'PREÇOS MDF'!$A$7:$B$10,2,0) | E14: 300 | F14: 2750 | G14: =TabelaSobras[[#This Row],[Comprimento Sobras (mm)]] & " X " & F14 | H14: =(TabelaSobras[[#This Row],[Comprimento Sobras (mm)]]*F14/1000000) | I14: 9 | J14: =IF(TabelaSobras[[#This Row],[Estoque]]<=$U$1,$V$1,$W$1) | K14: =TabelaSobras[[#This Row],[Quantidade de Sobra]]-L14 | L14: =TabelaSobras[[#This Row],[Quantidade de Sobra]]-TabelaSobras[[#This Row],[Saída]]-TabelaSobras[[#This Row],[Saída 2]] | M14: Líder | N14: =TabelaSobras[[#This Row],[M² Sobras]]*L14 | O14: 9 | Q14: L2506501 | R14: Yuri | S14: 45950 | T14: =TODAY()-TabelaSobras[[#This Row],[Data do Registro inicial]]
A15: N2508602 | B15: =VLOOKUP(LEFT(A15,1),Tabela5[],2,0) | C15: MDF - 15MM | D15: =VLOOKUP(TabelaSobras[[#This Row],[Tipo de Chapa/COR]],'PREÇOS MDF'!$A$7:$B$10,2,0) | E15: 400 | F15: 263 | G15: =TabelaSobras[[#This Row],[Comprimento Sobras (mm)]] & " X " & F15 | H15: =(TabelaSobras[[#This Row],[Comprimento Sobras (mm)]]*F15/1000000) | I15: 114 | J15: =IF(TabelaSobras[[#This Row],[Estoque]]<=$U$1,$V$1,$W$1) | K15: =TabelaSobras[[#This Row],[Quantidade de Sobra]]-L15 | L15: =TabelaSobras[[#This Row],[Quantidade de Sobra]]-TabelaSobras[[#This Row],[Saída]]-TabelaSobras[[#This Row],[Saída 2]] | M15: Nesher | N15: =TabelaSobras[[#This Row],[M² Sobras]]*L15 | O15: 114 | Q15: N2508606 | R15: Yuri | S15: 45958 | T15: =TODAY()-TabelaSobras[[#This Row],[Data do Registro inicial]]
A16: N2508603 | B16: =VLOOKUP(LEFT(A16,1),Tabela5[],2,0) | C16: MDF - 15MM | D16: =VLOOKUP(TabelaSobras[[#This Row],[Tipo de Chapa/COR]],'PREÇOS MDF'!$A$7:$B$10,2,0) | E16: 400 | F16: 263 | G16: =TabelaSobras[[#This Row],[Comprimento Sobras (mm)]] & " X " & F16 | H16: =(TabelaSobras[[#This Row],[Comprimento Sobras (mm)]]*F16/1000000) | I16: 10 | J16: =IF(TabelaSobras[[#This Row],[Estoque]]<=$U$1,$V$1,$W$1) | K16: =TabelaSobras[[#This Row],[Quantidade de Sobra]]-L16 | L16: =TabelaSobras[[#This Row],[Quantidade de Sobra]]-TabelaSobras[[#This Row],[Saída]]-TabelaSobras[[#This Row],[Saída 2]] | M16: Nesher | N16: =TabelaSobras[[#This Row],[M² Sobras]]*L16 | O16: 10 | Q16: N2508606 | R16: Yuri | S16: 45958 | T16: =TODAY()-TabelaSobras[[#This Row],[Data do Registro inicial]]
A17: N2508605 | B17: =VLOOKUP(LEFT(A17,1),Tabela5[],2,0) | C17: MDF - 15MM | D17: =VLOOKUP(TabelaSobras[[#This Row],[Tipo de Chapa/COR]],'PREÇOS MDF'!$A$7:$B$10,2,0) | E17: 400 | F17: 263 | G17: =TabelaSobras[[#This Row],[Comprimento Sobras (mm)]] & " X " & F17 | H17: =(TabelaSobras[[#This Row],[Comprimento Sobras (mm)]]*F17/1000000) | I17: =203+8 | J17: =IF(TabelaSobras[[#This Row],[Estoque]]<=$U$1,$V$1,$W$1) | K17: =TabelaSobras[[#This Row],[Quantidade de Sobra]]-L17 | L17: =TabelaSobras[[#This Row],[Quantidade de Sobra]]-TabelaSobras[[#This Row],[Saída]]-TabelaSobras[[#This Row],[Saída 2]] | M17: Nesher | N17: =TabelaSobras[[#This Row],[M² Sobras]]*L17 | O17: 211 | Q17: N2508704-05 | R17: Yuri | S17: 45961 | T17: =TODAY()-TabelaSobras[[#This Row],[Data do Registro inicial]]
A18: N2508703 | B18: =VLOOKUP(LEFT(A18,1),Tabela5[],2,0) | C18: MDF - 15MM | D18: =VLOOKUP(TabelaSobras[[#This Row],[Tipo de Chapa/COR]],'PREÇOS MDF'!$A$7:$B$10,2,0) | E18: 400 | F18: 263 | G18: =TabelaSobras[[#This Row],[Comprimento Sobras (mm)]] & " X " & F18 | H18: =(TabelaSobras[[#This Row],[Comprimento Sobras (mm)]]*F18/1000000) | I18: 37 | J18: =IF(TabelaSobras[[#This Row],[Estoque]]<=$U$1,$V$1,$W$1) | K18: =TabelaSobras[[#This Row],[Quantidade de Sobra]]-L18 | L18: =TabelaSobras[[#This Row],[Quantidade de Sobra]]-TabelaSobras[[#This Row],[Saída]]-TabelaSobras[[#This Row],[Saída 2]] | M18: Nesher | N18: =TabelaSobras[[#This Row],[M² Sobras]]*L18 | O18: 37 | Q18: N2508704-05 | R18: Yuri | S18: 45964 | T18: =TODAY()-TabelaSobras[[#This Row],[Data do Registro inicial]]
A19: N2508802 | B19: =VLOOKUP(LEFT(A19,1),Tabela5[],2,0) | C19: MDF - 15MM | D19: =VLOOKUP(TabelaSobras[[#This Row],[Tipo de Chapa/COR]],'PREÇOS MDF'!$A$7:$B$10,2,0) | E19: 229 | F19: 292 | G19: =TabelaSobras[[#This Row],[Comprimento Sobras (mm)]] & " X " & F19 | H19: =(TabelaSobras[[#This Row],[Comprimento Sobras (mm)]]*F19/1000000) | I19: 108 | J19: =IF(TabelaSobras[[#This Row],[Estoque]]<=$U$1,$V$1,$W$1) | K19: =TabelaSobras[[#This Row],[Quantidade de Sobra]]-L19 | L19: =TabelaSobras[[#This Row],[Quantidade de Sobra]]-TabelaSobras[[#This Row],[Saída]]-TabelaSobras[[#This Row],[Saída 2]] | M19: Nesher | N19: =TabelaSobras[[#This Row],[M² Sobras]]*L19 | O19: 108 | Q19: N2509001 | R19: Yuri | S19: 45971 | T19: =TODAY()-TabelaSobras[[#This Row],[Data do Registro inicial]]
A20: N2508802|01|03 | B20: =VLOOKUP(LEFT(A20,1),Tabela5[],2,0) | C20: MDF - 15MM | D20: =VLOOKUP(TabelaSobras[[#This Row],[Tipo de Chapa/COR]],'PREÇOS MDF'!$A$7:$B$10,2,0) | E20: 400 | F20: 263 | G20: =TabelaSobras[[#This Row],[Comprimento Sobras (mm)]] & " X " & F20 | H20: =(TabelaSobras[[#This Row],[Comprimento Sobras (mm)]]*F20/1000000) | I20: =203+56+124 | J20: =IF(TabelaSobras[[#This Row],[Estoque]]<=$U$1,$V$1,$W$1) | K20: =TabelaSobras[[#This Row],[Quantidade de Sobra]]-L20 | L20: =TabelaSobras[[#This Row],[Quantidade de Sobra]]-TabelaSobras[[#This Row],[Saída]]-TabelaSobras[[#This Row],[Saída 2]] | M20: Nesher | N20: =TabelaSobras[[#This Row],[M² Sobras]]*L20 | O20: 107 | P20: 276 | Q20: N2508804 | N2509006 | R20: Yuri | S20: 45971 | T20: =TODAY()-TabelaSobras[[#This Row],[Data do Registro inicial]]
A21: L2507101 | B21: =VLOOKUP(LEFT(A21,1),Tabela5[],2,0) | C21: MDF - 25MM | D21: =VLOOKUP(TabelaSobras[[#This Row],[Tipo de Chapa/COR]],'PREÇOS MDF'!$A$7:$B$10,2,0) | E21: 2100 | F21: 450 | G21: =TabelaSobras[[#This Row],[Comprimento Sobras (mm)]] & " X " & F21 | H21: =(TabelaSobras[[#This Row],[Comprimento Sobras (mm)]]*F21/1000000) | I21: 50 | J21: =IF(TabelaSobras[[#This Row],[Estoque]]<=$U$1,$V$1,$W$1) | K21: =TabelaSobras[[#This Row],[Quantidade de Sobra]]-L21 | L21: =TabelaSobras[[#This Row],[Quantidade de Sobra]]-TabelaSobras[[#This Row],[Saída]]-TabelaSobras[[#This Row],[Saída 2]] | M21: Líder | N21: =TabelaSobras[[#This Row],[M² Sobras]]*L21 | O21: 50 | Q21: L2507104 | R21: Yuri | S21: 45981 | T21: =TODAY()-TabelaSobras[[#This Row],[Data do Registro inicial]]
A22: LOFT | B22: =VLOOKUP(LEFT(A22,1),Tabela5[],2,0) | C22: MDF - 15MM | D22: =VLOOKUP(TabelaSobras[[#This Row],[Tipo de Chapa/COR]],'PREÇOS MDF'!$A$7:$B$10,2,0) | E22: 420 | F22: 520 | G22: =TabelaSobras[[#This Row],[Comprimento Sobras (mm)]] & " X " & F22 | H22: =(TabelaSobras[[#This Row],[Comprimento Sobras (mm)]]*F22/1000000) | I22: 144 | J22: =IF(TabelaSobras[[#This Row],[Estoque]]<=$U$1,$V$1,$W$1) | K22: =TabelaSobras[[#This Row],[Quantidade de Sobra]]-L22 | L22: =TabelaSobras[[#This Row],[Quantidade de Sobra]]-TabelaSobras[[#This Row],[Saída]]-TabelaSobras[[#This Row],[Saída 2]] | M22: Líder | N22: =TabelaSobras[[#This Row],[M² Sobras]]*L22 | O22: 144 | Q22: RECORTE | R22: Yuri | S22: 45986 | T22: =TODAY()-TabelaSobras[[#This Row],[Data do Registro inicial]]
A23: LOFT | B23: =VLOOKUP(LEFT(A23,1),Tabela5[],2,0) | C23: MDF - 15MM | D23: =VLOOKUP(TabelaSobras[[#This Row],[Tipo de Chapa/COR]],'PREÇOS MDF'!$A$7:$B$10,2,0) | E23: 590 | F23: 525 | G23: =TabelaSobras[[#This Row],[Comprimento Sobras (mm)]] & " X " & F23 | H23: =(TabelaSobras[[#This Row],[Comprimento Sobras (mm)]]*F23/1000000) | I23: 430 | J23: =IF(TabelaSobras[[#This Row],[Estoque]]<=$U$1,$V$1,$W$1) | K23: =TabelaSobras[[#This Row],[Quantidade de Sobra]]-L23 | L23: =TabelaSobras[[#This Row],[Quantidade de Sobra]]-TabelaSobras[[#This Row],[Saída]]-TabelaSobras[[#This Row],[Saída 2]] | M23: Líder | N23: =TabelaSobras[[#This Row],[M² Sobras]]*L23 | O23: 320 | P23: 110 | Q23: L2507201 | R23: Yuri | S23: 45986 | T23: =TODAY()-TabelaSobras[[#This Row],[Data do Registro inicial]]
A24: N26017 | B24: =VLOOKUP(LEFT(A24,1),Tabela5[],2,0) | C24: MDF - 15MM | D24: =VLOOKUP(TabelaSobras[[#This Row],[Tipo de Chapa/COR]],'PREÇOS MDF'!$A$7:$B$10,2,0) | E24: 400 | F24: 263 | G24: =TabelaSobras[[#This Row],[Comprimento Sobras (mm)]] & " X " & F24 | H24: =(TabelaSobras[[#This Row],[Comprimento Sobras (mm)]]*F24/1000000) | I24: =574+32 | J24: =IF(TabelaSobras[[#This Row],[Estoque]]<=$U$1,$V$1,$W$1) | K24: =TabelaSobras[[#This Row],[Quantidade de Sobra]]-L24 | L24: =TabelaSobras[[#This Row],[Quantidade de Sobra]]-TabelaSobras[[#This Row],[Saída]]-TabelaSobras[[#This Row],[Saída 2]] | M24: Nesher | N24: =TabelaSobras[[#This Row],[M² Sobras]]*L24 | O24: 438 | P24: 168 | Q24: N26020 | R24: Yuri | S24: 46076 | T24: =TODAY()-TabelaSobras[[#This Row],[Data do Registro inicial]]
A25: N | B25: =VLOOKUP(LEFT(A25,1),Tabela5[],2,0) | C25: MDF - 15MM | D25: =VLOOKUP(TabelaSobras[[#This Row],[Tipo de Chapa/COR]],'PREÇOS MDF'!$A$7:$B$10,2,0) | G25: =TabelaSobras[[#This Row],[Comprimento Sobras (mm)]] & " X " & F25 | H25: =(TabelaSobras[[#This Row],[Comprimento Sobras (mm)]]*F25/1000000) | J25: =IF(TabelaSobras[[#This Row],[Estoque]]<=$U$1,$V$1,$W$1) | K25: =TabelaSobras[[#This Row],[Quantidade de Sobra]]-L25 | L25: =TabelaSobras[[#This Row],[Quantidade de Sobra]]-TabelaSobras[[#This Row],[Saída]]-TabelaSobras[[#This Row],[Saída 2]] | M25: Nesher | N25: =TabelaSobras[[#This Row],[M² Sobras]]*L25 | R25: Yuri | S25: 46000 | T25: =TODAY()-TabelaSobras[[#This Row],[Data do Registro inicial]]
A26: L | B26: =VLOOKUP(LEFT(A26,1),Tabela5[],2,0) | C26: MDF - 15MM | D26: =VLOOKUP(TabelaSobras[[#This Row],[Tipo de Chapa/COR]],'PREÇOS MDF'!$A$7:$B$10,2,0) | E26: 1568 | F26: 297 | G26: =TabelaSobras[[#This Row],[Comprimento Sobras (mm)]] & " X " & F26 | H26: =(TabelaSobras[[#This Row],[Comprimento Sobras (mm)]]*F26/1000000) | I26: 6 | J26: =IF(TabelaSobras[[#This Row],[Estoque]]<=$U$1,$V$1,$W$1) | K26: =TabelaSobras[[#This Row],[Quantidade de Sobra]]-L26 | L26: =TabelaSobras[[#This Row],[Quantidade de Sobra]]-TabelaSobras[[#This Row],[Saída]]-TabelaSobras[[#This Row],[Saída 2]] | M26: Líder | N26: =TabelaSobras[[#This Row],[M² Sobras]]*L26 | O26: 6 | Q26: 7492-93-94-95 | R26: Yuri | S26: 46006 | T26: =TODAY()-TabelaSobras[[#This Row],[Data do Registro inicial]]
A27: L | B27: =VLOOKUP(LEFT(A27,1),Tabela5[],2,0) | C27: MDF - 15MM | D27: =VLOOKUP(TabelaSobras[[#This Row],[Tipo de Chapa/COR]],'PREÇOS MDF'!$A$7:$B$10,2,0) | E27: 476 | F27: 297 | G27: =TabelaSobras[[#This Row],[Comprimento Sobras (mm)]] & " X " & F27 | H27: =(TabelaSobras[[#This Row],[Comprimento Sobras (mm)]]*F27/1000000) | I27: 26 | J27: =IF(TabelaSobras[[#This Row],[Estoque]]<=$U$1,$V$1,$W$1) | K27: =TabelaSobras[[#This Row],[Quantidade de Sobra]]-L27 | L27: =TabelaSobras[[#This Row],[Quantidade de Sobra]]-TabelaSobras[[#This Row],[Saída]]-TabelaSobras[[#This Row],[Saída 2]] | M27: Líder | N27: =TabelaSobras[[#This Row],[M² Sobras]]*L27 | O27: 26 | Q27: 7492-93-94-95 | R27: Yuri | S27: 46006 | T27: =TODAY()-TabelaSobras[[#This Row],[Data do Registro inicial]]
A28: V-REFUGO (14 PÇS CRÉDITO) 160 PARA 120 | B28: =VLOOKUP(LEFT(A28,1),Tabela5[],2,0) | C28: MDF - 25MM | D28: =VLOOKUP(TabelaSobras[[#This Row],[Tipo de Chapa/COR]],'PREÇOS MDF'!$A$7:$B$10,2,0) | E28: 1202 | F28: 902 | G28: =TabelaSobras[[#This Row],[Comprimento Sobras (mm)]] & " X " & F28 | H28: =(TabelaSobras[[#This Row],[Comprimento Sobras (mm)]]*F28/1000000) | I28: 15 | J28: =IF(TabelaSobras[[#This Row],[Estoque]]<=$U$1,$V$1,$W$1) | K28: =TabelaSobras[[#This Row],[Quantidade de Sobra]]-L28 | L28: =TabelaSobras[[#This Row],[Quantidade de Sobra]]-TabelaSobras[[#This Row],[Saída]]-TabelaSobras[[#This Row],[Saída 2]] | M28: Líder | N28: =TabelaSobras[[#This Row],[M² Sobras]]*L28 | O28: 15 | Q28: V2521801 | R28: Yuri | S28: 46009 | T28: =TODAY()-TabelaSobras[[#This Row],[Data do Registro inicial]]
A29: V | B29: =VLOOKUP(LEFT(A29,1),Tabela5[],2,0) | C29: MDF - 25MM | D29: =VLOOKUP(TabelaSobras[[#This Row],[Tipo de Chapa/COR]],'PREÇOS MDF'!$A$7:$B$10,2,0) | E29: 1602 | F29: 902 | G29: =TabelaSobras[[#This Row],[Comprimento Sobras (mm)]] & " X " & F29 | H29: =(TabelaSobras[[#This Row],[Comprimento Sobras (mm)]]*F29/1000000) | I29: 12 | J29: =IF(TabelaSobras[[#This Row],[Estoque]]<=$U$1,$V$1,$W$1) | K29: =TabelaSobras[[#This Row],[Quantidade de Sobra]]-L29 | L29: =TabelaSobras[[#This Row],[Quantidade de Sobra]]-TabelaSobras[[#This Row],[Saída]]-TabelaSobras[[#This Row],[Saída 2]] | M29: Líder | N29: =TabelaSobras[[#This Row],[M² Sobras]]*L29 | O29: 12 | Q29: V2521501 | R29: Yuri | S29: 46010 | T29: =TODAY()-TabelaSobras[[#This Row],[Data do Registro inicial]]
A30: N25095 | B30: =VLOOKUP(LEFT(A30,1),Tabela5[],2,0) | C30: MDF - 15MM | D30: =VLOOKUP(TabelaSobras[[#This Row],[Tipo de Chapa/COR]],'PREÇOS MDF'!$A$7:$B$10,2,0) | E30: 400 | F30: 263 | G30: =TabelaSobras[[#This Row],[Comprimento Sobras (mm)]] & " X " & F30 | H30: =(TabelaSobras[[#This Row],[Comprimento Sobras (mm)]]*F30/1000000) | I30: =220+76+53+60+243 | J30: =IF(TabelaSobras[[#This Row],[Estoque]]<=$U$1,$V$1,$W$1) | K30: =TabelaSobras[[#This Row],[Quantidade de Sobra]]-L30 | L30: =TabelaSobras[[#This Row],[Quantidade de Sobra]]-TabelaSobras[[#This Row],[Saída]]-TabelaSobras[[#This Row],[Saída 2]] | M30: Nesher | N30: =TabelaSobras[[#This Row],[M² Sobras]]*L30 | O30: 477 | P30: 175 | Q30: N26006 | N2600803 | R30: Yuri | S30: 46028 | T30: =TODAY()-TabelaSobras[[#This Row],[Data do Registro inicial]]
A31: N25094 | B31: =VLOOKUP(LEFT(A31,1),Tabela5[],2,0) | C31: MDF - 25MM | D31: =VLOOKUP(TabelaSobras[[#This Row],[Tipo de Chapa/COR]],'PREÇOS MDF'!$A$7:$B$10,2,0) | E31: 805 | F31: 450 | G31: =TabelaSobras[[#This Row],[Comprimento Sobras (mm)]] & " X " & F31 | H31: =(TabelaSobras[[#This Row],[Comprimento Sobras (mm)]]*F31/1000000) | I31: 150 | J31: =IF(TabelaSobras[[#This Row],[Estoque]]<=$U$1,$V$1,$W$1) | K31: =TabelaSobras[[#This Row],[Quantidade de Sobra]]-L31 | L31: =TabelaSobras[[#This Row],[Quantidade de Sobra]]-TabelaSobras[[#This Row],[Saída]]-TabelaSobras[[#This Row],[Saída 2]] | M31: Nesher | N31: =TabelaSobras[[#This Row],[M² Sobras]]*L31 | O31: 150 | Q31: N2600205 | R31: Yuri | S31: 46029 | T31: =TODAY()-TabelaSobras[[#This Row],[Data do Registro inicial]]
A32: N25094 | B32: =VLOOKUP(LEFT(A32,1),Tabela5[],2,0) | C32: MDF - 25MM | D32: =VLOOKUP(TabelaSobras[[#This Row],[Tipo de Chapa/COR]],'PREÇOS MDF'!$A$7:$B$10,2,0) | E32: 655 | F32: 450 | G32: =TabelaSobras[[#This Row],[Comprimento Sobras (mm)]] & " X " & F32 | H32: =(TabelaSobras[[#This Row],[Comprimento Sobras (mm)]]*F32/1000000) | I32: 150 | J32: =IF(TabelaSobras[[#This Row],[Estoque]]<=$U$1,$V$1,$W$1) | K32: =TabelaSobras[[#This Row],[Quantidade de Sobra]]-L32 | L32: =TabelaSobras[[#This Row],[Quantidade de Sobra]]-TabelaSobras[[#This Row],[Saída]]-TabelaSobras[[#This Row],[Saída 2]] | M32: Nesher | N32: =TabelaSobras[[#This Row],[M² Sobras]]*L32 | O32: 150 | Q32: N2601101 | R32: Yuri | S32: 46029 | T32: =TODAY()-TabelaSobras[[#This Row],[Data do Registro inicial]]
A33: N-SOBRAS | B33: =VLOOKUP(LEFT(A33,1),Tabela5[],2,0) | C33: MDF - 15MM | D33: =VLOOKUP(TabelaSobras[[#This Row],[Tipo de Chapa/COR]],'PREÇOS MDF'!$A$7:$B$10,2,0) | E33: 342 | F33: 297 | G33: =TabelaSobras[[#This Row],[Comprimento Sobras (mm)]] & " X " & F33 | H33: =(TabelaSobras[[#This Row],[Comprimento Sobras (mm)]]*F33/1000000) | I33: 137 | J33: =IF(TabelaSobras[[#This Row],[Estoque]]<=$U$1,$V$1,$W$1) | K33: =TabelaSobras[[#This Row],[Quantidade de Sobra]]-L33 | L33: =TabelaSobras[[#This Row],[Quantidade de Sobra]]-TabelaSobras[[#This Row],[Saída]]-TabelaSobras[[#This Row],[Saída 2]] | M33: Nesher | N33: =TabelaSobras[[#This Row],[M² Sobras]]*L33 | O33: 137 | Q33: N26022 | R33: Yuri | S33: 46104 | T33: =TODAY()-TabelaSobras[[#This Row],[Data do Registro inicial]]
A34: N2600902 | N2601903-04|N26017 | B34: =VLOOKUP(LEFT(A34,1),Tabela5[],2,0) | C34: MDF - 15MM | D34: =VLOOKUP(TabelaSobras[[#This Row],[Tipo de Chapa/COR]],'PREÇOS MDF'!$A$7:$B$10,2,0) | E34: 313 | F34: 297 | G34: =TabelaSobras[[#This Row],[Comprimento Sobras (mm)]] & " X " & F34 | H34: =(TabelaSobras[[#This Row],[Comprimento Sobras (mm)]]*F34/1000000) | I34: =90+24+189+179+132 | J34: =IF(TabelaSobras[[#This Row],[Estoque]]<=$U$1,$V$1,$W$1) | K34: =TabelaSobras[[#This Row],[Quantidade de Sobra]]-L34 | L34: =TabelaSobras[[#This Row],[Quantidade de Sobra]]-TabelaSobras[[#This Row],[Saída]]-TabelaSobras[[#This Row],[Saída 2]] | M34: Nesher | N34: =TabelaSobras[[#This Row],[M² Sobras]]*L34 | O34: 614 | Q34: KIT NOBREZA 2100 | R34: Yuri | S34: 46034 | T34: =TODAY()-TabelaSobras[[#This Row],[Data do Registro inicial]]
A35: N-FURAÇÃO A MAIS BALC 1 pt 3 gv120 | B35: =VLOOKUP(LEFT(A35,1),Tabela5[],2,0) | C35: MDF - 15MM | D35: =VLOOKUP(TabelaSobras[[#This Row],[Tipo de Chapa/COR]],'PREÇOS MDF'!$A$7:$B$10,2,0) | E35: 780 | F35: 500 | G35: =TabelaSobras[[#This Row],[Comprimento Sobras (mm)]] & " X " & F35 | H35: =(TabelaSobras[[#This Row],[Comprimento Sobras (mm)]]*F35/1000000) | I35: 60 | J35: =IF(TabelaSobras[[#This Row],[Estoque]]<=$U$1,$V$1,$W$1) | K35: =TabelaSobras[[#This Row],[Quantidade de Sobra]]-L35 | L35: =TabelaSobras[[#This Row],[Quantidade de Sobra]]-TabelaSobras[[#This Row],[Saída]]-TabelaSobras[[#This Row],[Saída 2]] | M35: Nesher | N35: =TabelaSobras[[#This Row],[M² Sobras]]*L35 | O35: 60 | Q35: N2604506 | R35: Yuri | S35: 46150 | T35: =TODAY()-TabelaSobras[[#This Row],[Data do Registro inicial]]
A36: N2601002 | N2600201 AO N2600204 | B36: =VLOOKUP(LEFT(A36,1),Tabela5[],2,0) | C36: MDF - 15MM | D36: =VLOOKUP(TabelaSobras[[#This Row],[Tipo de Chapa/COR]],'PREÇOS MDF'!$A$7:$B$10,2,0) | E36: 297 | F36: 319 | G36: =TabelaSobras[[#This Row],[Comprimento Sobras (mm)]] & " X " & F36 | H36: =(TabelaSobras[[#This Row],[Comprimento Sobras (mm)]]*F36/1000000) | I36: 21 | J36: =IF(TabelaSobras[[#This Row],[Estoque]]<=$U$1,$V$1,$W$1) | K36: =TabelaSobras[[#This Row],[Quantidade de Sobra]]-L36 | L36: =TabelaSobras[[#This Row],[Quantidade de Sobra]]-TabelaSobras[[#This Row],[Saída]]-TabelaSobras[[#This Row],[Saída 2]] | M36: Nesher | N36: =TabelaSobras[[#This Row],[M² Sobras]]*L36 | O36: 21 | Q36: N2601006 | R36: Yuri | S36: 46037 | T36: =TODAY()-TabelaSobras[[#This Row],[Data do Registro inicial]]
A37: N2601002 | N2600201 AO N2600204 | B37: =VLOOKUP(LEFT(A37,1),Tabela5[],2,0) | C37: MDF - 15MM | D37: =VLOOKUP(TabelaSobras[[#This Row],[Tipo de Chapa/COR]],'PREÇOS MDF'!$A$7:$B$10,2,0) | E37: 343 | F37: 297 | G37: =TabelaSobras[[#This Row],[Comprimento Sobras (mm)]] & " X " & F37 | H37: =(TabelaSobras[[#This Row],[Comprimento Sobras (mm)]]*F37/1000000) | I37: 50 | J37: =IF(TabelaSobras[[#This Row],[Estoque]]<=$U$1,$V$1,$W$1) | K37: =TabelaSobras[[#This Row],[Quantidade de Sobra]]-L37 | L37: =TabelaSobras[[#This Row],[Quantidade de Sobra]]-TabelaSobras[[#This Row],[Saída]]-TabelaSobras[[#This Row],[Saída 2]] | M37: Nesher | N37: =TabelaSobras[[#This Row],[M² Sobras]]*L37 | O37: 12 | P37: 38 | Q37: N2601006 | N2600802 | R37: Yuri | S37: 46037 | T37: =TODAY()-TabelaSobras[[#This Row],[Data do Registro inicial]]
A38: N2601002 | N2600201 AO N2600204 | B38: =VLOOKUP(LEFT(A38,1),Tabela5[],2,0) | C38: MDF - 15MM | D38: =VLOOKUP(TabelaSobras[[#This Row],[Tipo de Chapa/COR]],'PREÇOS MDF'!$A$7:$B$10,2,0) | E38: 297 | F38: 368 | G38: =TabelaSobras[[#This Row],[Comprimento Sobras (mm)]] & " X " & F38 | H38: =(TabelaSobras[[#This Row],[Comprimento Sobras (mm)]]*F38/1000000) | I38: 24 | J38: =IF(TabelaSobras[[#This Row],[Estoque]]<=$U$1,$V$1,$W$1) | K38: =TabelaSobras[[#This Row],[Quantidade de Sobra]]-L38 | L38: =TabelaSobras[[#This Row],[Quantidade de Sobra]]-TabelaSobras[[#This Row],[Saída]]-TabelaSobras[[#This Row],[Saída 2]] | M38: Nesher | N38: =TabelaSobras[[#This Row],[M² Sobras]]*L38 | O38: 24 | Q38: N2600802 | R38: Yuri | S38: 46037 | T38: =TODAY()-TabelaSobras[[#This Row],[Data do Registro inicial]]
A39: N2601007 | N2601006 | B39: =VLOOKUP(LEFT(A39,1),Tabela5[],2,0) | C39: MDF - 15MM | D39: =VLOOKUP(TabelaSobras[[#This Row],[Tipo de Chapa/COR]],'PREÇOS MDF'!$A$7:$B$10,2,0) | E39: 400 | F39: 92 | G39: =TabelaSobras[[#This Row],[Comprimento Sobras (mm)]] & " X " & F39 | H39: =(TabelaSobras[[#This Row],[Comprimento Sobras (mm)]]*F39/1000000) | I39: 87 | J39: =IF(TabelaSobras[[#This Row],[Estoque]]<=$U$1,$V$1,$W$1) | K39: =TabelaSobras[[#This Row],[Quantidade de Sobra]]-L39 | L39: =TabelaSobras[[#This Row],[Quantidade de Sobra]]-TabelaSobras[[#This Row],[Saída]]-TabelaSobras[[#This Row],[Saída 2]] | M39: Nesher | N39: =TabelaSobras[[#This Row],[M² Sobras]]*L39 | O39: 87 | Q39: N2600801 | R39: Yuri | S39: 46038 | T39: =TODAY()-TabelaSobras[[#This Row],[Data do Registro inicial]]
A40: N2601007 | N2601006 | B40: =VLOOKUP(LEFT(A40,1),Tabela5[],2,0) | C40: MDF - 15MM | D40: =VLOOKUP(TabelaSobras[[#This Row],[Tipo de Chapa/COR]],'PREÇOS MDF'!$A$7:$B$10,2,0) | E40: 2200 | F40: 92 | G40: =TabelaSobras[[#This Row],[Comprimento Sobras (mm)]] & " X " & F40 | H40: =(TabelaSobras[[#This Row],[Comprimento Sobras (mm)]]*F40/1000000) | I40: 63 | J40: =IF(TabelaSobras[[#This Row],[Estoque]]<=$U$1,$V$1,$W$1) | K40: =TabelaSobras[[#This Row],[Quantidade de Sobra]]-L40 | L40: =TabelaSobras[[#This Row],[Quantidade de Sobra]]-TabelaSobras[[#This Row],[Saída]]-TabelaSobras[[#This Row],[Saída 2]] | M40: Nesher | N40: =TabelaSobras[[#This Row],[M² Sobras]]*L40 | O40: 12 | P40: 51 | Q40: N2600206 | R40: Yuri | S40: 46041 | T40: =TODAY()-TabelaSobras[[#This Row],[Data do Registro inicial]]
A41: N2600205 AO N2601101 | B41: =VLOOKUP(LEFT(A41,1),Tabela5[],2,0) | C41: MDF - 15MM | D41: =VLOOKUP(TabelaSobras[[#This Row],[Tipo de Chapa/COR]],'PREÇOS MDF'!$A$7:$B$10,2,0) | E41: 343 | F41: 297 | G41: =TabelaSobras[[#This Row],[Comprimento Sobras (mm)]] & " X " & F41 | H41: =(TabelaSobras[[#This Row],[Comprimento Sobras (mm)]]*F41/1000000) | I41: 50 | J41: =IF(TabelaSobras[[#This Row],[Estoque]]<=$U$1,$V$1,$W$1) | K41: =TabelaSobras[[#This Row],[Quantidade de Sobra]]-L41 | L41: =TabelaSobras[[#This Row],[Quantidade de Sobra]]-TabelaSobras[[#This Row],[Saída]]-TabelaSobras[[#This Row],[Saída 2]] | M41: Nesher | N41: =TabelaSobras[[#This Row],[M² Sobras]]*L41 | O41: 50 | Q41: N2600802 | R41: Yuri | S41: 46042 | T41: =TODAY()-TabelaSobras[[#This Row],[Data do Registro inicial]]
A42: NESHER REALEZA PREMIUM | B42: =VLOOKUP(LEFT(A42,1),Tabela5[],2,0) | C42: MDF - 15MM | D42: =VLOOKUP(TabelaSobras[[#This Row],[Tipo de Chapa/COR]],'PREÇOS MDF'!$A$7:$B$10,2,0) | E42: 650 | F42: 331 | G42: =TabelaSobras[[#This Row],[Comprimento Sobras (mm)]] & " X " & F42 | H42: =(TabelaSobras[[#This Row],[Comprimento Sobras (mm)]]*F42/1000000) | I42: 312 | J42: =IF(TabelaSobras[[#This Row],[Estoque]]<=$U$1,$V$1,$W$1) | K42: =TabelaSobras[[#This Row],[Quantidade de Sobra]]-L42 | L42: =TabelaSobras[[#This Row],[Quantidade de Sobra]]-TabelaSobras[[#This Row],[Saída]]-TabelaSobras[[#This Row],[Saída 2]] | M42: Nesher | N42: =TabelaSobras[[#This Row],[M² Sobras]]*L42 | O42: 312 | Q42: REALEZA PREMIIUM | R42: Yuri | S42: 46044 | T42: =TODAY()-TabelaSobras[[#This Row],[Data do Registro inicial]]
A43: NESHER REALEZA PREMIUM | B43: =VLOOKUP(LEFT(A43,1),Tabela5[],2,0) | C43: MDF - 15MM | D43: =VLOOKUP(TabelaSobras[[#This Row],[Tipo de Chapa/COR]],'PREÇOS MDF'!$A$7:$B$10,2,0) | E43: 801 | F43: 331 | G43: =TabelaSobras[[#This Row],[Comprimento Sobras (mm)]] & " X " & F43 | H43: =(TabelaSobras[[#This Row],[Comprimento Sobras (mm)]]*F43/1000000) | I43: 258 | J43: =IF(TabelaSobras[[#This Row],[Estoque]]<=$U$1,$V$1,$W$1) | K43: =TabelaSobras[[#This Row],[Quantidade de Sobra]]-L43 | L43: =TabelaSobras[[#This Row],[Quantidade de Sobra]]-TabelaSobras[[#This Row],[Saída]]-TabelaSobras[[#This Row],[Saída 2]] | M43: Nesher | N43: =TabelaSobras[[#This Row],[M² Sobras]]*L43 | O43: 258 | Q43: REALEZA PREMIIUM | R43: Yuri | S43: 46044 | T43: =TODAY()-TabelaSobras[[#This Row],[Data do Registro inicial]]
A44: N2600205 AO N2601101 | N26015 | B44: =VLOOKUP(LEFT(A44,1),Tabela5[],2,0) | C44: MDF - 25MM | D44: =VLOOKUP(TabelaSobras[[#This Row],[Tipo de Chapa/COR]],'PREÇOS MDF'!$A$7:$B$10,2,0) | E44: 1205 | F44: 450 | G44: =TabelaSobras[[#This Row],[Comprimento Sobras (mm)]] & " X " & F44 | H44: =(TabelaSobras[[#This Row],[Comprimento Sobras (mm)]]*F44/1000000) | I44: =8+50 | J44: =IF(TabelaSobras[[#This Row],[Estoque]]<=$U$1,$V$1,$W$1) | K44: =TabelaSobras[[#This Row],[Quantidade de Sobra]]-L44 | L44: =TabelaSobras[[#This Row],[Quantidade de Sobra]]-TabelaSobras[[#This Row],[Saída]]-TabelaSobras[[#This Row],[Saída 2]] | M44: Nesher | N44: =TabelaSobras[[#This Row],[M² Sobras]]*L44 | O44: 58 | Q44: REALEZA PREMIIUM N26018 | R44: Yuri | S44: 46045 | T44: =TODAY()-TabelaSobras[[#This Row],[Data do Registro inicial]]
A45: N2600205 AO N2601101 | N26015 | B45: =VLOOKUP(LEFT(A45,1),Tabela5[],2,0) | C45: MDF - 25MM | D45: =VLOOKUP(TabelaSobras[[#This Row],[Tipo de Chapa/COR]],'PREÇOS MDF'!$A$7:$B$10,2,0) | E45: 805 | F45: 450 | G45: =TabelaSobras[[#This Row],[Comprimento Sobras (mm)]] & " X " & F45 | H45: =(TabelaSobras[[#This Row],[Comprimento Sobras (mm)]]*F45/1000000) | I45: =51+3+50 | J45: =IF(TabelaSobras[[#This Row],[Estoque]]<=$U$1,$V$1,$W$1) | K45: =TabelaSobras[[#This Row],[Quantidade de Sobra]]-L45 | L45: =TabelaSobras[[#This Row],[Quantidade de Sobra]]-TabelaSobras[[#This Row],[Saída]]-TabelaSobras[[#This Row],[Saída 2]] | M45: Nesher | N45: =TabelaSobras[[#This Row],[M² Sobras]]*L45 | O45: 104 | Q45: REALEZA PREMIIUM N26018 | R45: Yuri | S45: 46045 | T45: =TODAY()-TabelaSobras[[#This Row],[Data do Registro inicial]]
A46: N2600205 AO N2601101 | N26015 | B46: =VLOOKUP(LEFT(A46,1),Tabela5[],2,0) | C46: MDF - 25MM | D46: =VLOOKUP(TabelaSobras[[#This Row],[Tipo de Chapa/COR]],'PREÇOS MDF'!$A$7:$B$10,2,0) | E46: 655 | F46: 450 | G46: =TabelaSobras[[#This Row],[Comprimento Sobras (mm)]] & " X " & F46 | H46: =(TabelaSobras[[#This Row],[Comprimento Sobras (mm)]]*F46/1000000) | I46: =50+4+55 | J46: =IF(TabelaSobras[[#This Row],[Estoque]]<=$U$1,$V$1,$W$1) | K46: =TabelaSobras[[#This Row],[Quantidade de Sobra]]-L46 | L46: =TabelaSobras[[#This Row],[Quantidade de Sobra]]-TabelaSobras[[#This Row],[Saída]]-TabelaSobras[[#This Row],[Saída 2]] | M46: Nesher | N46: =TabelaSobras[[#This Row],[M² Sobras]]*L46 | O46: 109 | Q46: REALEZA PREMIIUM | R46: Yuri | S46: 46045 | T46: =TODAY()-TabelaSobras[[#This Row],[Data do Registro inicial]]
A47: N2600205 AO N2601101 | B47: =VLOOKUP(LEFT(A47,1),Tabela5[],2,0) | C47: MDF - 15MM | D47: =VLOOKUP(TabelaSobras[[#This Row],[Tipo de Chapa/COR]],'PREÇOS MDF'!$A$7:$B$10,2,0) | E47: 400 | F47: 263 | G47: =TabelaSobras[[#This Row],[Comprimento Sobras (mm)]] & " X " & F47 | H47: =(TabelaSobras[[#This Row],[Comprimento Sobras (mm)]]*F47/1000000) | I47: 376 | J47: =IF(TabelaSobras[[#This Row],[Estoque]]<=$U$1,$V$1,$W$1) | K47: =TabelaSobras[[#This Row],[Quantidade de Sobra]]-L47 | L47: =TabelaSobras[[#This Row],[Quantidade de Sobra]]-TabelaSobras[[#This Row],[Saída]]-TabelaSobras[[#This Row],[Saída 2]] | M47: Nesher | N47: =TabelaSobras[[#This Row],[M² Sobras]]*L47 | O47: 376 | Q47: N2601302 | R47: Yuri | S47: 46048 | T47: =TODAY()-TabelaSobras[[#This Row],[Data do Registro inicial]]
A48: N26018 | B48: =VLOOKUP(LEFT(A48,1),Tabela5[],2,0) | C48: MDF - 15MM | D48: =VLOOKUP(TabelaSobras[[#This Row],[Tipo de Chapa/COR]],'PREÇOS MDF'!$A$7:$B$10,2,0) | E48: 400 | F48: 263 | G48: =TabelaSobras[[#This Row],[Comprimento Sobras (mm)]] & " X " & F48 | H48: =(TabelaSobras[[#This Row],[Comprimento Sobras (mm)]]*F48/1000000) | I48: 445 | J48: =IF(TabelaSobras[[#This Row],[Estoque]]<=$U$1,$V$1,$W$1) | K48: =TabelaSobras[[#This Row],[Quantidade de Sobra]]-L48 | L48: =TabelaSobras[[#This Row],[Quantidade de Sobra]]-TabelaSobras[[#This Row],[Saída]]-TabelaSobras[[#This Row],[Saída 2]] | M48: Nesher | N48: =TabelaSobras[[#This Row],[M² Sobras]]*L48 | O48: 445 | R48: Yuri | S48: 46083 | T48: =TODAY()-TabelaSobras[[#This Row],[Data do Registro inicial]]
A49: N26010|N2601903-04 | B49: =VLOOKUP(LEFT(A49,1),Tabela5[],2,0) | C49: MDF - 15MM | D49: =VLOOKUP(TabelaSobras[[#This Row],[Tipo de Chapa/COR]],'PREÇOS MDF'!$A$7:$B$10,2,0) | E49: 400 | F49: 263 | G49: =TabelaSobras[[#This Row],[Comprimento Sobras (mm)]] & " X " & F49 | H49: =(TabelaSobras[[#This Row],[Comprimento Sobras (mm)]]*F49/1000000) | I49: =180+32+147 | J49: =IF(TabelaSobras[[#This Row],[Estoque]]<=$U$1,$V$1,$W$1) | K49: =TabelaSobras[[#This Row],[Quantidade de Sobra]]-L49 | L49: =TabelaSobras[[#This Row],[Quantidade de Sobra]]-TabelaSobras[[#This Row],[Saída]]-TabelaSobras[[#This Row],[Saída 2]] | M49: Nesher | N49: =TabelaSobras[[#This Row],[M² Sobras]]*L49 | O49: 359 | R49: Yuri | S49: 46076 | T49: =TODAY()-TabelaSobras[[#This Row],[Data do Registro inicial]]
A50: N26010|N2601903-04 | B50: =VLOOKUP(LEFT(A50,1),Tabela5[],2,0) | C50: MDF - 15MM | D50: =VLOOKUP(TabelaSobras[[#This Row],[Tipo de Chapa/COR]],'PREÇOS MDF'!$A$7:$B$10,2,0) | E50: 400 | F50: 92 | G50: =TabelaSobras[[#This Row],[Comprimento Sobras (mm)]] & " X " & F50 | H50: =(TabelaSobras[[#This Row],[Comprimento Sobras (mm)]]*F50/1000000) | I50: =289+638+378 | J50: =IF(TabelaSobras[[#This Row],[Estoque]]<=$U$1,$V$1,$W$1) | K50: =TabelaSobras[[#This Row],[Quantidade de Sobra]]-L50 | L50: =TabelaSobras[[#This Row],[Quantidade de Sobra]]-TabelaSobras[[#This Row],[Saída]]-TabelaSobras[[#This Row],[Saída 2]] | M50: Nesher | N50: =TabelaSobras[[#This Row],[M² Sobras]]*L50 | O50: 907 | P50: 398 | Q50: N2601702|N2601704 | R50: Yuri | S50: 46076 | T50: =TODAY()-TabelaSobras[[#This Row],[Data do Registro inicial]]
A51: N-PORTAS DE VIDRO | B51: =VLOOKUP(LEFT(A51,1),Tabela5[],2,0) | C51: MDF - 15MM | D51: =VLOOKUP(TabelaSobras[[#This Row],[Tipo de Chapa/COR]],'PREÇOS MDF'!$A$7:$B$10,2,0) | E51: 1060 | F51: 280 | G51: =TabelaSobras[[#This Row],[Comprimento Sobras (mm)]] & " X " & F51 | H51: =(TabelaSobras[[#This Row],[Comprimento Sobras (mm)]]*F51/1000000) | I51: 115 | J51: =IF(TabelaSobras[[#This Row],[Estoque]]<=$U$1,$V$1,$W$1) | K51: =TabelaSobras[[#This Row],[Quantidade de Sobra]]-L51 | L51: =TabelaSobras[[#This Row],[Quantidade de Sobra]]-TabelaSobras[[#This Row],[Saída]]-TabelaSobras[[#This Row],[Saída 2]] | M51: Nesher | N51: =TabelaSobras[[#This Row],[M² Sobras]]*L51 | O51: 24 | P51: 91 | Q51: N26018 - KIT NOBR | R51: Yuri | S51: 46076 | T51: =TODAY()-TabelaSobras[[#This Row],[Data do Registro inicial]]
A52: N-PORTAS DE VIDRO | B52: =VLOOKUP(LEFT(A52,1),Tabela5[],2,0) | C52: MDF - 15MM | D52: =VLOOKUP(TabelaSobras[[#This Row],[Tipo de Chapa/COR]],'PREÇOS MDF'!$A$7:$B$10,2,0) | E52: 390 | F52: 440 | G52: =TabelaSobras[[#This Row],[Comprimento Sobras (mm)]] & " X " & F52 | H52: =(TabelaSobras[[#This Row],[Comprimento Sobras (mm)]]*F52/1000000) | I52: 158 | J52: =IF(TabelaSobras[[#This Row],[Estoque]]<=$U$1,$V$1,$W$1) | K52: =TabelaSobras[[#This Row],[Quantidade de Sobra]]-L52 | L52: =TabelaSobras[[#This Row],[Quantidade de Sobra]]-TabelaSobras[[#This Row],[Saída]]-TabelaSobras[[#This Row],[Saída 2]] | M52: Nesher | N52: =TabelaSobras[[#This Row],[M² Sobras]]*L52 | O52: 158 | Q52: N26018 - KIT NOBR | R52: Yuri | S52: 46076 | T52: =TODAY()-TabelaSobras[[#This Row],[Data do Registro inicial]]
A53: N-SOBRAS NATURE GAVETINHA | B53: =VLOOKUP(LEFT(A53,1),Tabela5[],2,0) | C53: MDF - 15MM | D53: =VLOOKUP(TabelaSobras[[#This Row],[Tipo de Chapa/COR]],'PREÇOS MDF'!$A$7:$B$10,2,0) | E53: 400 | F53: 92 | G53: =TabelaSobras[[#This Row],[Comprimento Sobras (mm)]] & " X " & F53 | H53: =(TabelaSobras[[#This Row],[Comprimento Sobras (mm)]]*F53/1000000) | I53: 610 | J53: =IF(TabelaSobras[[#This Row],[Estoque]]<=$U$1,$V$1,$W$1) | K53: =TabelaSobras[[#This Row],[Quantidade de Sobra]]-L53 | L53: =TabelaSobras[[#This Row],[Quantidade de Sobra]]-TabelaSobras[[#This Row],[Saída]]-TabelaSobras[[#This Row],[Saída 2]] | M53: Nesher | N53: =TabelaSobras[[#This Row],[M² Sobras]]*L53 | O53: 610 | Q53: N2601702|N2601704 | R53: Yuri | S53: 46076 | T53: =TODAY()-TabelaSobras[[#This Row],[Data do Registro inicial]]
A54: N26004 - PEÇA P/PORTA | B54: =VLOOKUP(LEFT(A54,1),Tabela5[],2,0) | C54: MDF - 15MM | D54: =VLOOKUP(TabelaSobras[[#This Row],[Tipo de Chapa/COR]],'PREÇOS MDF'!$A$7:$B$10,2,0) | E54: 400 | F54: 263 | G54: =TabelaSobras[[#This Row],[Comprimento Sobras (mm)]] & " X " & F54 | H54: =(TabelaSobras[[#This Row],[Comprimento Sobras (mm)]]*F54/1000000) | I54: =175+189 | J54: =IF(TabelaSobras[[#This Row],[Estoque]]<=$U$1,$V$1,$W$1) | K54: =TabelaSobras[[#This Row],[Quantidade de Sobra]]-L54 | L54: =TabelaSobras[[#This Row],[Quantidade de Sobra]]-TabelaSobras[[#This Row],[Saída]]-TabelaSobras[[#This Row],[Saída 2]] | M54: Nesher | N54: =TabelaSobras[[#This Row],[M² Sobras]]*L54 | O54: 175 | P54: 189 | Q54: N2601302 | N2601601 | R54: Yuri | S54: 46050 | T54: =TODAY()-TabelaSobras[[#This Row],[Data do Registro inicial]]
A55: V2521801 | V2521901 | V2522001 | V2522101 | V2522201 | V2600101 | V2600201 | V2600601 (TAMPO 120) | B55: =VLOOKUP(LEFT(A55,1),Tabela5[],2,0) | C55: MDF - 25MM | D55: =VLOOKUP(TabelaSobras[[#This Row],[Tipo de Chapa/COR]],'PREÇOS MDF'!$A$7:$B$10,2,0) | E55: 1202 | F55: 902 | G55: =TabelaSobras[[#This Row],[Comprimento Sobras (mm)]] & " X " & F55 | H55: =(TabelaSobras[[#This Row],[Comprimento Sobras (mm)]]*F55/1000000) | I55: 18 | J55: =IF(TabelaSobras[[#This Row],[Estoque]]<=$U$1,$V$1,$W$1) | K55: =TabelaSobras[[#This Row],[Quantidade de Sobra]]-L55 | L55: =TabelaSobras[[#This Row],[Quantidade de Sobra]]-TabelaSobras[[#This Row],[Saída]]-TabelaSobras[[#This Row],[Saída 2]] | M55: Líder | N55: =TabelaSobras[[#This Row],[M² Sobras]]*L55 | O55: 18 | Q55: V2603401 AO V2605201 | R55: Yuri | S55: 46048 | T55: =TODAY()-TabelaSobras[[#This Row],[Data do Registro inicial]]
A56: L | B56: =VLOOKUP(LEFT(A56,1),Tabela5[],2,0) | C56: MDF - 15MM | D56: =VLOOKUP(TabelaSobras[[#This Row],[Tipo de Chapa/COR]],'PREÇOS MDF'!$A$7:$B$10,2,0) | G56: =TabelaSobras[[#This Row],[Comprimento Sobras (mm)]] & " X " & F56 | H56: =(TabelaSobras[[#This Row],[Comprimento Sobras (mm)]]*F56/1000000) | J56: =IF(TabelaSobras[[#This Row],[Estoque]]<=$U$1,$V$1,$W$1) | K56: =TabelaSobras[[#This Row],[Quantidade de Sobra]]-L56 | L56: =TabelaSobras[[#This Row],[Quantidade de Sobra]]-TabelaSobras[[#This Row],[Saída]]-TabelaSobras[[#This Row],[Saída 2]] | N56: =TabelaSobras[[#This Row],[M² Sobras]]*L56 | T56: =TODAY()-TabelaSobras[[#This Row],[Data do Registro inicial]]
A57: N-EXPOSITOR SP-2026 | B57: =VLOOKUP(LEFT(A57,1),Tabela5[],2,0) | C57: MDF - 15MM | D57: =VLOOKUP(TabelaSobras[[#This Row],[Tipo de Chapa/COR]],'PREÇOS MDF'!$A$7:$B$10,2,0) | E57: 400 | F57: 263 | G57: =TabelaSobras[[#This Row],[Comprimento Sobras (mm)]] & " X " & F57 | H57: =(TabelaSobras[[#This Row],[Comprimento Sobras (mm)]]*F57/1000000) | I57: 366 | J57: =IF(TabelaSobras[[#This Row],[Estoque]]<=$U$1,$V$1,$W$1) | K57: =TabelaSobras[[#This Row],[Quantidade de Sobra]]-L57 | L57: =TabelaSobras[[#This Row],[Quantidade de Sobra]]-TabelaSobras[[#This Row],[Saída]]-TabelaSobras[[#This Row],[Saída 2]] | M57: Nesher | N57: =TabelaSobras[[#This Row],[M² Sobras]]*L57 | O57: 366 | Q57: CORTADO | R57: Yuri | S57: 46071 | T57: =TODAY()-TabelaSobras[[#This Row],[Data do Registro inicial]]
A58: N-EXPOSITOR SP-2026 | B58: =VLOOKUP(LEFT(A58,1),Tabela5[],2,0) | C58: MDF - 15MM | D58: =VLOOKUP(TabelaSobras[[#This Row],[Tipo de Chapa/COR]],'PREÇOS MDF'!$A$7:$B$10,2,0) | E58: 2200 | F58: 70 | G58: =TabelaSobras[[#This Row],[Comprimento Sobras (mm)]] & " X " & F58 | H58: =(TabelaSobras[[#This Row],[Comprimento Sobras (mm)]]*F58/1000000) | I58: 172 | J58: =IF(TabelaSobras[[#This Row],[Estoque]]<=$U$1,$V$1,$W$1) | K58: =TabelaSobras[[#This Row],[Quantidade de Sobra]]-L58 | L58: =TabelaSobras[[#This Row],[Quantidade de Sobra]]-TabelaSobras[[#This Row],[Saída]]-TabelaSobras[[#This Row],[Saída 2]] | M58: Nesher | N58: =TabelaSobras[[#This Row],[M² Sobras]]*L58 | O58: 172 | Q58: CORTADO | N26020 | R58: Yuri | S58: 46071 | T58: =TODAY()-TabelaSobras[[#This Row],[Data do Registro inicial]]
A59: N-PISO SP-2026 | B59: =VLOOKUP(LEFT(A59,1),Tabela5[],2,0) | C59: MDF - 15MM | D59: =VLOOKUP(TabelaSobras[[#This Row],[Tipo de Chapa/COR]],'PREÇOS MDF'!$A$7:$B$10,2,0) | E59: 400 | F59: 263 | G59: =TabelaSobras[[#This Row],[Comprimento Sobras (mm)]] & " X " & F59 | H59: =(TabelaSobras[[#This Row],[Comprimento Sobras (mm)]]*F59/1000000) | I59: 115 | J59: =IF(TabelaSobras[[#This Row],[Estoque]]<=$U$1,$V$1,$W$1) | K59: =TabelaSobras[[#This Row],[Quantidade de Sobra]]-L59 | L59: =TabelaSobras[[#This Row],[Quantidade de Sobra]]-TabelaSobras[[#This Row],[Saída]]-TabelaSobras[[#This Row],[Saída 2]] | M59: Nesher | N59: =TabelaSobras[[#This Row],[M² Sobras]]*L59 | O59: 115 | Q59: CORTADO | R59: Yuri | S59: 46071 | T59: =TODAY()-TabelaSobras[[#This Row],[Data do Registro inicial]]
A60: N26017 | B60: =VLOOKUP(LEFT(A60,1),Tabela5[],2,0) | C60: MDF - 15MM | D60: =VLOOKUP(TabelaSobras[[#This Row],[Tipo de Chapa/COR]],'PREÇOS MDF'!$A$7:$B$10,2,0) | E60: 565 | F60: 92 | G60: =TabelaSobras[[#This Row],[Comprimento Sobras (mm)]] & " X " & F60 | H60: =(TabelaSobras[[#This Row],[Comprimento Sobras (mm)]]*F60/1000000) | I60: 63 | J60: =IF(TabelaSobras[[#This Row],[Estoque]]<=$U$1,$V$1,$W$1) | K60: =TabelaSobras[[#This Row],[Quantidade de Sobra]]-L60 | L60: =TabelaSobras[[#This Row],[Quantidade de Sobra]]-TabelaSobras[[#This Row],[Saída]]-TabelaSobras[[#This Row],[Saída 2]] | M60: Nesher | N60: =TabelaSobras[[#This Row],[M² Sobras]]*L60 | O60: 63 | Q60: N26020 | R60: Yuri | S60: 46076 | T60: =TODAY()-TabelaSobras[[#This Row],[Data do Registro inicial]]
A61: N- ERRO DE FURAÇÃO | B61: =VLOOKUP(LEFT(A61,1),Tabela5[],2,0) | C61: MDF - 15MM | D61: =VLOOKUP(TabelaSobras[[#This Row],[Tipo de Chapa/COR]],'PREÇOS MDF'!$A$7:$B$10,2,0) | E61: 2095 | F61: 428 | G61: =TabelaSobras[[#This Row],[Comprimento Sobras (mm)]] & " X " & F61 | H61: =(TabelaSobras[[#This Row],[Comprimento Sobras (mm)]]*F61/1000000) | I61: 243 | J61: =IF(TabelaSobras[[#This Row],[Estoque]]<=$U$1,$V$1,$W$1) | K61: =TabelaSobras[[#This Row],[Quantidade de Sobra]]-L61 | L61: =TabelaSobras[[#This Row],[Quantidade de Sobra]]-TabelaSobras[[#This Row],[Saída]]-TabelaSobras[[#This Row],[Saída 2]] | M61: Nesher | N61: =TabelaSobras[[#This Row],[M² Sobras]]*L61 | O61: 243 | Q61: APROVEITAR - N2602303 | R61: Yuri | S61: 46090 | T61: =TODAY()-TabelaSobras[[#This Row],[Data do Registro inicial]]
A62: N26017 | B62: =VLOOKUP(LEFT(A62,1),Tabela5[],2,0) | C62: MDF - 15MM | D62: =VLOOKUP(TabelaSobras[[#This Row],[Tipo de Chapa/COR]],'PREÇOS MDF'!$A$7:$B$10,2,0) | E62: 705 | F62: 70 | G62: =TabelaSobras[[#This Row],[Comprimento Sobras (mm)]] & " X " & F62 | H62: =(TabelaSobras[[#This Row],[Comprimento Sobras (mm)]]*F62/1000000) | I62: 720 | J62: =IF(TabelaSobras[[#This Row],[Estoque]]<=$U$1,$V$1,$W$1) | K62: =TabelaSobras[[#This Row],[Quantidade de Sobra]]-L62 | L62: =TabelaSobras[[#This Row],[Quantidade de Sobra]]-TabelaSobras[[#This Row],[Saída]]-TabelaSobras[[#This Row],[Saída 2]] | M62: Nesher | N62: =TabelaSobras[[#This Row],[M² Sobras]]*L62 | O62: 720 | Q62: CONDESSA PAN 4PT | R62: Yuri | S62: 46076 | T62: =TODAY()-TabelaSobras[[#This Row],[Data do Registro inicial]]
A63: N26017 | B63: =VLOOKUP(LEFT(A63,1),Tabela5[],2,0) | C63: MDF - 15MM | D63: =VLOOKUP(TabelaSobras[[#This Row],[Tipo de Chapa/COR]],'PREÇOS MDF'!$A$7:$B$10,2,0) | E63: 384 | F63: 70 | G63: =TabelaSobras[[#This Row],[Comprimento Sobras (mm)]] & " X " & F63 | H63: =(TabelaSobras[[#This Row],[Comprimento Sobras (mm)]]*F63/1000000) | I63: 240 | J63: =IF(TabelaSobras[[#This Row],[Estoque]]<=$U$1,$V$1,$W$1) | K63: =TabelaSobras[[#This Row],[Quantidade de Sobra]]-L63 | L63: =TabelaSobras[[#This Row],[Quantidade de Sobra]]-TabelaSobras[[#This Row],[Saída]]-TabelaSobras[[#This Row],[Saída 2]] | M63: Nesher | N63: =TabelaSobras[[#This Row],[M² Sobras]]*L63 | O63: 240 | Q63: CONDESSA PAN 4PT | R63: Yuri | S63: 46076 | T63: =TODAY()-TabelaSobras[[#This Row],[Data do Registro inicial]]
A64: N26025 | B64: =VLOOKUP(LEFT(A64,1),Tabela5[],2,0) | C64: MDF - 15MM | D64: =VLOOKUP(TabelaSobras[[#This Row],[Tipo de Chapa/COR]],'PREÇOS MDF'!$A$7:$B$10,2,0) | E64: 2064 | F64: 297 | G64: =TabelaSobras[[#This Row],[Comprimento Sobras (mm)]] & " X " & F64 | H64: =(TabelaSobras[[#This Row],[Comprimento Sobras (mm)]]*F64/1000000) | I64: =67+40 | J64: =IF(TabelaSobras[[#This Row],[Estoque]]<=$U$1,$V$1,$W$1) | K64: =TabelaSobras[[#This Row],[Quantidade de Sobra]]-L64 | L64: =TabelaSobras[[#This Row],[Quantidade de Sobra]]-TabelaSobras[[#This Row],[Saída]]-TabelaSobras[[#This Row],[Saída 2]] | M64: Nesher | N64: =TabelaSobras[[#This Row],[M² Sobras]]*L64 | O64: 107 | Q64: KIT NOBREZA 2100 | R64: Yuri | S64: 46105 | T64: =TODAY()-TabelaSobras[[#This Row],[Data do Registro inicial]]
A65: L | B65: =VLOOKUP(LEFT(A65,1),Tabela5[],2,0) | C65: MDF - 15MM | D65: =VLOOKUP(TabelaSobras[[#This Row],[Tipo de Chapa/COR]],'PREÇOS MDF'!$A$7:$B$10,2,0) | E65: 2200 | F65: 263 | G65: =TabelaSobras[[#This Row],[Comprimento Sobras (mm)]] & " X " & F65 | H65: =(TabelaSobras[[#This Row],[Comprimento Sobras (mm)]]*F65/1000000) | I65: 120 | J65: =IF(TabelaSobras[[#This Row],[Estoque]]<=$U$1,$V$1,$W$1) | K65: =TabelaSobras[[#This Row],[Quantidade de Sobra]]-L65 | L65: =TabelaSobras[[#This Row],[Quantidade de Sobra]]-TabelaSobras[[#This Row],[Saída]]-TabelaSobras[[#This Row],[Saída 2]] | M65: Líder | N65: =TabelaSobras[[#This Row],[M² Sobras]]*L65 | O65: 120 | Q65: ENVIAR P/NESHER | R65: Yuri | S65: 46063 | T65: =TODAY()-TabelaSobras[[#This Row],[Data do Registro inicial]]
A66: EXPOSITOR FEIRA CARUARU | B66: =VLOOKUP(LEFT(A66,1),Tabela5[],2,0) | C66: MDF - 15MM | D66: =VLOOKUP(TabelaSobras[[#This Row],[Tipo de Chapa/COR]],'PREÇOS MDF'!$A$7:$B$10,2,0) | E66: 400 | F66: 263 | G66: =TabelaSobras[[#This Row],[Comprimento Sobras (mm)]] & " X " & F66 | H66: =(TabelaSobras[[#This Row],[Comprimento Sobras (mm)]]*F66/1000000) | I66: 230 | J66: =IF(TabelaSobras[[#This Row],[Estoque]]<=$U$1,$V$1,$W$1) | K66: =TabelaSobras[[#This Row],[Quantidade de Sobra]]-L66 | L66: =TabelaSobras[[#This Row],[Quantidade de Sobra]]-TabelaSobras[[#This Row],[Saída]]-TabelaSobras[[#This Row],[Saída 2]] | M66: Nesher | N66: =TabelaSobras[[#This Row],[M² Sobras]]*L66 | O66: 230 | Q66: NÃO FOI CORTADO | R66: Yuri | S66: 46084 | T66: =TODAY()-TabelaSobras[[#This Row],[Data do Registro inicial]]
A67: N- SOBRAS DE VIDRO | B67: =VLOOKUP(LEFT(A67,1),Tabela5[],2,0) | C67: MDF - 15MM | D67: =VLOOKUP(TabelaSobras[[#This Row],[Tipo de Chapa/COR]],'PREÇOS MDF'!$A$7:$B$10,2,0) | E67: 2045 | F67: 225 | G67: =TabelaSobras[[#This Row],[Comprimento Sobras (mm)]] & " X " & F67 | H67: =(TabelaSobras[[#This Row],[Comprimento Sobras (mm)]]*F67/1000000) | I67: =144+115+160+159 | J67: =IF(TabelaSobras[[#This Row],[Estoque]]<=$U$1,$V$1,$W$1) | K67: =TabelaSobras[[#This Row],[Quantidade de Sobra]]-L67 | L67: =TabelaSobras[[#This Row],[Quantidade de Sobra]]-TabelaSobras[[#This Row],[Saída]]-TabelaSobras[[#This Row],[Saída 2]] | M67: Nesher | N67: =TabelaSobras[[#This Row],[M² Sobras]]*L67 | O67: 578 | Q67: N26023 | R67: Yuri | S67: 46092 | T67: =TODAY()-TabelaSobras[[#This Row],[Data do Registro inicial]]
A68: N- SOBRAS DE VIDRO | B68: =VLOOKUP(LEFT(A68,1),Tabela5[],2,0) | C68: MDF - 15MM | D68: =VLOOKUP(TabelaSobras[[#This Row],[Tipo de Chapa/COR]],'PREÇOS MDF'!$A$7:$B$10,2,0) | E68: 654 | F68: 265 | G68: =TabelaSobras[[#This Row],[Comprimento Sobras (mm)]] & " X " & F68 | H68: =(TabelaSobras[[#This Row],[Comprimento Sobras (mm)]]*F68/1000000) | I68: =300+225 | J68: =IF(TabelaSobras[[#This Row],[Estoque]]<=$U$1,$V$1,$W$1) | K68: =TabelaSobras[[#This Row],[Quantidade de Sobra]]-L68 | L68: =TabelaSobras[[#This Row],[Quantidade de Sobra]]-TabelaSobras[[#This Row],[Saída]]-TabelaSobras[[#This Row],[Saída 2]] | M68: Nesher | N68: =TabelaSobras[[#This Row],[M² Sobras]]*L68 | O68: =75+300+150 | Q68: N26046 | N2603603 | R68: Yuri | S68: 46148 | T68: =TODAY()-TabelaSobras[[#This Row],[Data do Registro inicial]]
A69: N- SOBRAS DE VIDRO | B69: =VLOOKUP(LEFT(A69,1),Tabela5[],2,0) | C69: MDF - 15MM | D69: =VLOOKUP(TabelaSobras[[#This Row],[Tipo de Chapa/COR]],'PREÇOS MDF'!$A$7:$B$10,2,0) | E69: 654 | F69: 452 | G69: =TabelaSobras[[#This Row],[Comprimento Sobras (mm)]] & " X " & F69 | H69: =(TabelaSobras[[#This Row],[Comprimento Sobras (mm)]]*F69/1000000) | I69: 905 | J69: =IF(TabelaSobras[[#This Row],[Estoque]]<=$U$1,$V$1,$W$1) | K69: =TabelaSobras[[#This Row],[Quantidade de Sobra]]-L69 | L69: =TabelaSobras[[#This Row],[Quantidade de Sobra]]-TabelaSobras[[#This Row],[Saída]]-TabelaSobras[[#This Row],[Saída 2]] | M69: Nesher | N69: =TabelaSobras[[#This Row],[M² Sobras]]*L69 | O69: 905 | Q69: N2603603 | R69: Yuri | S69: 46148 | T69: =TODAY()-TabelaSobras[[#This Row],[Data do Registro inicial]]
A70: N | B70: =VLOOKUP(LEFT(A70,1),Tabela5[],2,0) | C70: MDF - 25MM | D70: =VLOOKUP(TabelaSobras[[#This Row],[Tipo de Chapa/COR]],'PREÇOS MDF'!$A$7:$B$10,2,0) | G70: =TabelaSobras[[#This Row],[Comprimento Sobras (mm)]] & " X " & F70 | H70: =(TabelaSobras[[#This Row],[Comprimento Sobras (mm)]]*F70/1000000) | J70: =IF(TabelaSobras[[#This Row],[Estoque]]<=$U$1,$V$1,$W$1) | K70: =TabelaSobras[[#This Row],[Quantidade de Sobra]]-L70 | L70: =TabelaSobras[[#This Row],[Quantidade de Sobra]]-TabelaSobras[[#This Row],[Saída]]-TabelaSobras[[#This Row],[Saída 2]] | N70: =TabelaSobras[[#This Row],[M² Sobras]]*L70 | T70: =TODAY()-TabelaSobras[[#This Row],[Data do Registro inicial]]
A71: N26006 | B71: =VLOOKUP(LEFT(A71,1),Tabela5[],2,0) | C71: MDF - 18MM | D71: =VLOOKUP(TabelaSobras[[#This Row],[Tipo de Chapa/COR]],'PREÇOS MDF'!$A$7:$B$10,2,0) | E71: 779 | F71: 103 | G71: =TabelaSobras[[#This Row],[Comprimento Sobras (mm)]] & " X " & F71 | H71: =(TabelaSobras[[#This Row],[Comprimento Sobras (mm)]]*F71/1000000) | I71: 40 | J71: =IF(TabelaSobras[[#This Row],[Estoque]]<=$U$1,$V$1,$W$1) | K71: =TabelaSobras[[#This Row],[Quantidade de Sobra]]-L71 | L71: =TabelaSobras[[#This Row],[Quantidade de Sobra]]-TabelaSobras[[#This Row],[Saída]]-TabelaSobras[[#This Row],[Saída 2]] | M71: Nesher | N71: =TabelaSobras[[#This Row],[M² Sobras]]*L71 | O71: 40 | R71: Yuri | S71: 46038 | T71: =TODAY()-TabelaSobras[[#This Row],[Data do Registro inicial]]
A72: N -SOBRAS DE VIDRO | B72: =VLOOKUP(LEFT(A72,1),Tabela5[],2,0) | C72: MDF - 15MM | D72: =VLOOKUP(TabelaSobras[[#This Row],[Tipo de Chapa/COR]],'PREÇOS MDF'!$A$7:$B$10,2,0) | E72: 675 | F72: 450 | G72: =TabelaSobras[[#This Row],[Comprimento Sobras (mm)]] & " X " & F72 | H72: =(TabelaSobras[[#This Row],[Comprimento Sobras (mm)]]*F72/1000000) | I72: =180+204+77 | J72: =IF(TabelaSobras[[#This Row],[Estoque]]<=$U$1,$V$1,$W$1) | K72: =TabelaSobras[[#This Row],[Quantidade de Sobra]]-L72 | L72: =TabelaSobras[[#This Row],[Quantidade de Sobra]]-TabelaSobras[[#This Row],[Saída]]-TabelaSobras[[#This Row],[Saída 2]] | M72: Nesher | N72: =TabelaSobras[[#This Row],[M² Sobras]]*L72 | O72: =180+281 | Q72: Loft - Pan 65 | R72: Yuri | S72: 46192 | T72: =TODAY()-TabelaSobras[[#This Row],[Data do Registro inicial]]
A73: N -SOBRAS DE VIDRO | B73: =VLOOKUP(LEFT(A73,1),Tabela5[],2,0) | C73: MDF - 15MM | D73: =VLOOKUP(TabelaSobras[[#This Row],[Tipo de Chapa/COR]],'PREÇOS MDF'!$A$7:$B$10,2,0) | E73: 675 | F73: 270 | G73: =TabelaSobras[[#This Row],[Comprimento Sobras (mm)]] & " X " & F73 | H73: =(TabelaSobras[[#This Row],[Comprimento Sobras (mm)]]*F73/1000000) | I73: =198+150+262+314+68 | J73: =IF(TabelaSobras[[#This Row],[Estoque]]<=$U$1,$V$1,$W$1) | K73: =TabelaSobras[[#This Row],[Quantidade de Sobra]]-L73 | L73: =TabelaSobras[[#This Row],[Quantidade de Sobra]]-TabelaSobras[[#This Row],[Saída]]-TabelaSobras[[#This Row],[Saída 2]] | M73: Nesher | N73: =TabelaSobras[[#This Row],[M² Sobras]]*L73 | O73: 175 | P73: =262+150 | Q73: 5503 | | R73: Yuri | S73: 46192 | T73: =TODAY()-TabelaSobras[[#This Row],[Data do Registro inicial]]
A74: N-TESTE TECMATIC | B74: =VLOOKUP(LEFT(A74,1),Tabela5[],2,0) | C74: MDF - 15MM | D74: =VLOOKUP(TabelaSobras[[#This Row],[Tipo de Chapa/COR]],'PREÇOS MDF'!$A$7:$B$10,2,0) | E74: 670 | F74: 500 | G74: =TabelaSobras[[#This Row],[Comprimento Sobras (mm)]] & " X " & F74 | H74: =(TabelaSobras[[#This Row],[Comprimento Sobras (mm)]]*F74/1000000) | I74: 84 | J74: =IF(TabelaSobras[[#This Row],[Estoque]]<=$U$1,$V$1,$W$1) | K74: =TabelaSobras[[#This Row],[Quantidade de Sobra]]-L74 | L74: =TabelaSobras[[#This Row],[Quantidade de Sobra]]-TabelaSobras[[#This Row],[Saída]]-TabelaSobras[[#This Row],[Saída 2]] | M74: Nesher | N74: =TabelaSobras[[#This Row],[M² Sobras]]*L74 | O74: 84 | R74: Yuri | S74: 46100 | T74: =TODAY()-TabelaSobras[[#This Row],[Data do Registro inicial]]
A75: L-SOBRAS DE TAMPO | B75: =VLOOKUP(LEFT(A75,1),Tabela5[],2,0) | C75: MDF - 25MM | D75: =VLOOKUP(TabelaSobras[[#This Row],[Tipo de Chapa/COR]],'PREÇOS MDF'!$A$7:$B$10,2,0) | E75: 2200 | F75: 450 | G75: =TabelaSobras[[#This Row],[Comprimento Sobras (mm)]] & " X " & F75 | H75: =(TabelaSobras[[#This Row],[Comprimento Sobras (mm)]]*F75/1000000) | I75: 102 | J75: =IF(TabelaSobras[[#This Row],[Estoque]]<=$U$1,$V$1,$W$1) | K75: =TabelaSobras[[#This Row],[Quantidade de Sobra]]-L75 | L75: =TabelaSobras[[#This Row],[Quantidade de Sobra]]-TabelaSobras[[#This Row],[Saída]]-TabelaSobras[[#This Row],[Saída 2]] | M75: Nesher | N75: =TabelaSobras[[#This Row],[M² Sobras]]*L75 | O75: 102 | Q75: KIT REALEZA 220 | R75: Yuri | S75: 46100 | T75: =TODAY()-TabelaSobras[[#This Row],[Data do Registro inicial]]
A76: N-FURAÇÃO A MAIS | B76: =VLOOKUP(LEFT(A76,1),Tabela5[],2,0) | C76: MDF - 15MM | D76: =VLOOKUP(TabelaSobras[[#This Row],[Tipo de Chapa/COR]],'PREÇOS MDF'!$A$7:$B$10,2,0) | E76: 1568 | F76: 297 | G76: =TabelaSobras[[#This Row],[Comprimento Sobras (mm)]] & " X " & F76 | H76: =(TabelaSobras[[#This Row],[Comprimento Sobras (mm)]]*F76/1000000) | I76: 22 | J76: =IF(TabelaSobras[[#This Row],[Estoque]]<=$U$1,$V$1,$W$1) | K76: =TabelaSobras[[#This Row],[Quantidade de Sobra]]-L76 | L76: =TabelaSobras[[#This Row],[Quantidade de Sobra]]-TabelaSobras[[#This Row],[Saída]]-TabelaSobras[[#This Row],[Saída 2]] | M76: Nesher | N76: =TabelaSobras[[#This Row],[M² Sobras]]*L76 | O76: 22 | Q76: KIT NOBREZA | R76: Yuri | S76: 46101 | T76: =TODAY()-TabelaSobras[[#This Row],[Data do Registro inicial]]
A77: N-SOBRA PARA CRISTALEIRA | B77: =VLOOKUP(LEFT(A77,1),Tabela5[],2,0) | C77: MDF - 15MM | D77: =VLOOKUP(TabelaSobras[[#This Row],[Tipo de Chapa/COR]],'PREÇOS MDF'!$A$7:$B$10,2,0) | E77: 670 | F77: 70 | G77: =TabelaSobras[[#This Row],[Comprimento Sobras (mm)]] & " X " & F77 | H77: =(TabelaSobras[[#This Row],[Comprimento Sobras (mm)]]*F77/1000000) | I77: 1600 | J77: =IF(TabelaSobras[[#This Row],[Estoque]]<=$U$1,$V$1,$W$1) | K77: =TabelaSobras[[#This Row],[Quantidade de Sobra]]-L77 | L77: =TabelaSobras[[#This Row],[Quantidade de Sobra]]-TabelaSobras[[#This Row],[Saída]]-TabelaSobras[[#This Row],[Saída 2]] | M77: Nesher | N77: =TabelaSobras[[#This Row],[M² Sobras]]*L77 | O77: 1600 | Q77: CRISTALEIRA | R77: Yuri | S77: 46094 | T77: =TODAY()-TabelaSobras[[#This Row],[Data do Registro inicial]]
A78: N- SOBRAS DE VIDRO | B78: =VLOOKUP(LEFT(A78,1),Tabela5[],2,0) | C78: MDF - 15MM | D78: =VLOOKUP(TabelaSobras[[#This Row],[Tipo de Chapa/COR]],'PREÇOS MDF'!$A$7:$B$10,2,0) | E78: 1065 | F78: 270 | G78: =TabelaSobras[[#This Row],[Comprimento Sobras (mm)]] & " X " & F78 | H78: =(TabelaSobras[[#This Row],[Comprimento Sobras (mm)]]*F78/1000000) | I78: =92+170+148 | J78: =IF(TabelaSobras[[#This Row],[Estoque]]<=$U$1,$V$1,$W$1) | K78: =TabelaSobras[[#This Row],[Quantidade de Sobra]]-L78 | L78: =TabelaSobras[[#This Row],[Quantidade de Sobra]]-TabelaSobras[[#This Row],[Saída]]-TabelaSobras[[#This Row],[Saída 2]] | M78: Nesher | N78: =TabelaSobras[[#This Row],[M² Sobras]]*L78 | O78: =75+150+150 | Q78: 972x70 | 488X50 | R78: Yuri | S78: 46192 | T78: =TODAY()-TabelaSobras[[#This Row],[Data do Registro inicial]]
A79: N- SOBRAS DE VIDRO | B79: =VLOOKUP(LEFT(A79,1),Tabela5[],2,0) | C79: MDF - 15MM | D79: =VLOOKUP(TabelaSobras[[#This Row],[Tipo de Chapa/COR]],'PREÇOS MDF'!$A$7:$B$10,2,0) | E79: 2050 | F79: 225 | G79: =TabelaSobras[[#This Row],[Comprimento Sobras (mm)]] & " X " & F79 | H79: =(TabelaSobras[[#This Row],[Comprimento Sobras (mm)]]*F79/1000000) | I79: =310+930 | J79: =IF(TabelaSobras[[#This Row],[Estoque]]<=$U$1,$V$1,$W$1) | K79: =TabelaSobras[[#This Row],[Quantidade de Sobra]]-L79 | L79: =TabelaSobras[[#This Row],[Quantidade de Sobra]]-TabelaSobras[[#This Row],[Saída]]-TabelaSobras[[#This Row],[Saída 2]] | M79: Nesher | N79: =TabelaSobras[[#This Row],[M² Sobras]]*L79 | O79: 400 | P79: =108+732 | Q79: N2603101-02-03-04 | R79: Yuri | S79: 46148 | T79: =TODAY()-TabelaSobras[[#This Row],[Data do Registro inicial]]
A80: N-FURAÇÃO ERRADA - BALCÃO CONDESSA 120 | B80: =VLOOKUP(LEFT(A80,1),Tabela5[],2,0) | C80: MDF - 15MM | D80: =VLOOKUP(TabelaSobras[[#This Row],[Tipo de Chapa/COR]],'PREÇOS MDF'!$A$7:$B$10,2,0) | E80: 780 | F80: 500 | G80: =TabelaSobras[[#This Row],[Comprimento Sobras (mm)]] & " X " & F80 | H80: =(TabelaSobras[[#This Row],[Comprimento Sobras (mm)]]*F80/1000000) | I80: 300 | J80: =IF(TabelaSobras[[#This Row],[Estoque]]<=$U$1,$V$1,$W$1) | K80: =TabelaSobras[[#This Row],[Quantidade de Sobra]]-L80 | L80: =TabelaSobras[[#This Row],[Quantidade de Sobra]]-TabelaSobras[[#This Row],[Saída]]-TabelaSobras[[#This Row],[Saída 2]] | M80: Nesher | N80: =TabelaSobras[[#This Row],[M² Sobras]]*L80 | O80: 300 | Q80: BALC CONDESSA | R80: Yuri | S80: 46104 | T80: =TODAY()-TabelaSobras[[#This Row],[Data do Registro inicial]]
A81: N26025 | B81: =VLOOKUP(LEFT(A81,1),Tabela5[],2,0) | C81: MDF - 15MM | D81: =VLOOKUP(TabelaSobras[[#This Row],[Tipo de Chapa/COR]],'PREÇOS MDF'!$A$7:$B$10,2,0) | E81: 770 | F81: 297 | G81: =TabelaSobras[[#This Row],[Comprimento Sobras (mm)]] & " X " & F81 | H81: =(TabelaSobras[[#This Row],[Comprimento Sobras (mm)]]*F81/1000000) | I81: =67*3 | J81: =IF(TabelaSobras[[#This Row],[Estoque]]<=$U$1,$V$1,$W$1) | K81: =TabelaSobras[[#This Row],[Quantidade de Sobra]]-L81 | L81: =TabelaSobras[[#This Row],[Quantidade de Sobra]]-TabelaSobras[[#This Row],[Saída]]-TabelaSobras[[#This Row],[Saída 2]] | M81: Nesher | N81: =TabelaSobras[[#This Row],[M² Sobras]]*L81 | O81: 201 | Q81: N26025 | R81: Yuri | S81: 46105 | T81: =TODAY()-TabelaSobras[[#This Row],[Data do Registro inicial]]
A82: N | B82: =VLOOKUP(LEFT(A82,1),Tabela5[],2,0) | C82: MDF - 15MM | D82: =VLOOKUP(TabelaSobras[[#This Row],[Tipo de Chapa/COR]],'PREÇOS MDF'!$A$7:$B$10,2,0) | E82: 783 | F82: 297 | G82: =TabelaSobras[[#This Row],[Comprimento Sobras (mm)]] & " X " & F82 | H82: =(TabelaSobras[[#This Row],[Comprimento Sobras (mm)]]*F82/1000000) | I82: 369 | J82: =IF(TabelaSobras[[#This Row],[Estoque]]<=$U$1,$V$1,$W$1) | K82: =TabelaSobras[[#This Row],[Quantidade de Sobra]]-L82 | L82: =TabelaSobras[[#This Row],[Quantidade de Sobra]]-TabelaSobras[[#This Row],[Saída]]-TabelaSobras[[#This Row],[Saída 2]] | M82: Nesher | N82: =TabelaSobras[[#This Row],[M² Sobras]]*L82 | O82: 369 | R82: Yuri | S82: 46136 | T82: =TODAY()-TabelaSobras[[#This Row],[Data do Registro inicial]]
A83: N-GAVETÃO ESQ | B83: =VLOOKUP(LEFT(A83,1),Tabela5[],2,0) | C83: MDF - 15MM | D83: =VLOOKUP(TabelaSobras[[#This Row],[Tipo de Chapa/COR]],'PREÇOS MDF'!$A$7:$B$10,2,0) | E83: 400 | F83: 263 | G83: =TabelaSobras[[#This Row],[Comprimento Sobras (mm)]] & " X " & F83 | H83: =(TabelaSobras[[#This Row],[Comprimento Sobras (mm)]]*F83/1000000) | I83: 447 | J83: =IF(TabelaSobras[[#This Row],[Estoque]]<=$U$1,$V$1,$W$1) | K83: =TabelaSobras[[#This Row],[Quantidade de Sobra]]-L83 | L83: =TabelaSobras[[#This Row],[Quantidade de Sobra]]-TabelaSobras[[#This Row],[Saída]]-TabelaSobras[[#This Row],[Saída 2]] | M83: Nesher | N83: =TabelaSobras[[#This Row],[M² Sobras]]*L83 | O83: 300 | P83: 147 | Q83: N26025 | N26027 | R83: Yuri | S83: 46112 | T83: =TODAY()-TabelaSobras[[#This Row],[Data do Registro inicial]]
A84: N26024 | B84: =VLOOKUP(LEFT(A84,1),Tabela5[],2,0) | C84: MDF - 25MM | D84: =VLOOKUP(TabelaSobras[[#This Row],[Tipo de Chapa/COR]],'PREÇOS MDF'!$A$7:$B$10,2,0) | E84: 2100 | F84: 450 | G84: =TabelaSobras[[#This Row],[Comprimento Sobras (mm)]] & " X " & F84 | H84: =(TabelaSobras[[#This Row],[Comprimento Sobras (mm)]]*F84/1000000) | I84: =147+26 | J84: =IF(TabelaSobras[[#This Row],[Estoque]]<=$U$1,$V$1,$W$1) | K84: =TabelaSobras[[#This Row],[Quantidade de Sobra]]-L84 | L84: =TabelaSobras[[#This Row],[Quantidade de Sobra]]-TabelaSobras[[#This Row],[Saída]]-TabelaSobras[[#This Row],[Saída 2]] | M84: Nesher | N84: =TabelaSobras[[#This Row],[M² Sobras]]*L84 | O84: 173 | Q84: KIT NOBREZA (4101) | R84: Yuri | S84: 46112 | T84: =TODAY()-TabelaSobras[[#This Row],[Data do Registro inicial]]
A85: N26024 | B85: =VLOOKUP(LEFT(A85,1),Tabela5[],2,0) | C85: MDF - 15MM | D85: =VLOOKUP(TabelaSobras[[#This Row],[Tipo de Chapa/COR]],'PREÇOS MDF'!$A$7:$B$10,2,0) | E85: 987 | F85: 413 | G85: =TabelaSobras[[#This Row],[Comprimento Sobras (mm)]] & " X " & F85 | H85: =(TabelaSobras[[#This Row],[Comprimento Sobras (mm)]]*F85/1000000) | I85: 26 | J85: =IF(TabelaSobras[[#This Row],[Estoque]]<=$U$1,$V$1,$W$1) | K85: =TabelaSobras[[#This Row],[Quantidade de Sobra]]-L85 | L85: =TabelaSobras[[#This Row],[Quantidade de Sobra]]-TabelaSobras[[#This Row],[Saída]]-TabelaSobras[[#This Row],[Saída 2]] | M85: Nesher | N85: =TabelaSobras[[#This Row],[M² Sobras]]*L85 | O85: 26 | Q85: KIT REALEZA 220 | R85: Yuri | S85: 46113 | T85: =TODAY()-TabelaSobras[[#This Row],[Data do Registro inicial]]
A86: N | B86: =VLOOKUP(LEFT(A86,1),Tabela5[],2,0) | C86: MDF - 15MM | D86: =VLOOKUP(TabelaSobras[[#This Row],[Tipo de Chapa/COR]],'PREÇOS MDF'!$A$7:$B$10,2,0) | E86: 770 | F86: 300 | G86: =TabelaSobras[[#This Row],[Comprimento Sobras (mm)]] & " X " & F86 | H86: =(TabelaSobras[[#This Row],[Comprimento Sobras (mm)]]*F86/1000000) | I86: =360+235 | J86: =IF(TabelaSobras[[#This Row],[Estoque]]<=$U$1,$V$1,$W$1) | K86: =TabelaSobras[[#This Row],[Quantidade de Sobra]]-L86 | L86: =TabelaSobras[[#This Row],[Quantidade de Sobra]]-TabelaSobras[[#This Row],[Saída]]-TabelaSobras[[#This Row],[Saída 2]] | M86: Nesher | N86: =TabelaSobras[[#This Row],[M² Sobras]]*L86 | O86: 595 | S86: 46136 | T86: =TODAY()-TabelaSobras[[#This Row],[Data do Registro inicial]]
A87: NATURE | B87: =VLOOKUP(LEFT(A87,1),Tabela5[],2,0) | C87: MDF - 15MM | D87: =VLOOKUP(TabelaSobras[[#This Row],[Tipo de Chapa/COR]],'PREÇOS MDF'!$A$7:$B$10,2,0) | E87: 1170 | F87: 297 | G87: =TabelaSobras[[#This Row],[Comprimento Sobras (mm)]] & " X " & F87 | H87: =(TabelaSobras[[#This Row],[Comprimento Sobras (mm)]]*F87/1000000) | I87: 148 | J87: =IF(TabelaSobras[[#This Row],[Estoque]]<=$U$1,$V$1,$W$1) | K87: =TabelaSobras[[#This Row],[Quantidade de Sobra]]-L87 | L87: =TabelaSobras[[#This Row],[Quantidade de Sobra]]-TabelaSobras[[#This Row],[Saída]]-TabelaSobras[[#This Row],[Saída 2]] | M87: Nesher | N87: =TabelaSobras[[#This Row],[M² Sobras]]*L87 | O87: 148 | Q87: N30 | S87: 46136 | T87: =TODAY()-TabelaSobras[[#This Row],[Data do Registro inicial]]
A88: N | B88: =VLOOKUP(LEFT(A88,1),Tabela5[],2,0) | C88: MDF - 15MM | D88: =VLOOKUP(TabelaSobras[[#This Row],[Tipo de Chapa/COR]],'PREÇOS MDF'!$A$7:$B$10,2,0) | E88: 987 | F88: 326 | G88: =TabelaSobras[[#This Row],[Comprimento Sobras (mm)]] & " X " & F88 | H88: =(TabelaSobras[[#This Row],[Comprimento Sobras (mm)]]*F88/1000000) | I88: 19 | J88: =IF(TabelaSobras[[#This Row],[Estoque]]<=$U$1,$V$1,$W$1) | K88: =TabelaSobras[[#This Row],[Quantidade de Sobra]]-L88 | L88: =TabelaSobras[[#This Row],[Quantidade de Sobra]]-TabelaSobras[[#This Row],[Saída]]-TabelaSobras[[#This Row],[Saída 2]] | M88: Nesher | N88: =TabelaSobras[[#This Row],[M² Sobras]]*L88 | O88: 19 | Q88: N32 | S88: 46136 | T88: =TODAY()-TabelaSobras[[#This Row],[Data do Registro inicial]]
A89: N | B89: =VLOOKUP(LEFT(A89,1),Tabela5[],2,0) | C89: MDF - 15MM | D89: =VLOOKUP(TabelaSobras[[#This Row],[Tipo de Chapa/COR]],'PREÇOS MDF'!$A$7:$B$10,2,0) | E89: 770 | F89: 588 | G89: =TabelaSobras[[#This Row],[Comprimento Sobras (mm)]] & " X " & F89 | H89: =(TabelaSobras[[#This Row],[Comprimento Sobras (mm)]]*F89/1000000) | I89: 60 | J89: =IF(TabelaSobras[[#This Row],[Estoque]]<=$U$1,$V$1,$W$1) | K89: =TabelaSobras[[#This Row],[Quantidade de Sobra]]-L89 | L89: =TabelaSobras[[#This Row],[Quantidade de Sobra]]-TabelaSobras[[#This Row],[Saída]]-TabelaSobras[[#This Row],[Saída 2]] | M89: Nesher | N89: =TabelaSobras[[#This Row],[M² Sobras]]*L89 | O89: 60 | Q89: REC N36 | R89: Yuri | S89: 46136 | T89: =TODAY()-TabelaSobras[[#This Row],[Data do Registro inicial]]
A90: N- SOBRAS DE VIDRO | B90: =VLOOKUP(LEFT(A90,1),Tabela5[],2,0) | C90: MDF - 15MM | D90: =VLOOKUP(TabelaSobras[[#This Row],[Tipo de Chapa/COR]],'PREÇOS MDF'!$A$7:$B$10,2,0) | E90: 420 | F90: 399 | G90: =TabelaSobras[[#This Row],[Comprimento Sobras (mm)]] & " X " & F90 | H90: =(TabelaSobras[[#This Row],[Comprimento Sobras (mm)]]*F90/1000000) | I90: 232 | J90: =IF(TabelaSobras[[#This Row],[Estoque]]<=$U$1,$V$1,$W$1) | K90: =TabelaSobras[[#This Row],[Quantidade de Sobra]]-L90 | L90: =TabelaSobras[[#This Row],[Quantidade de Sobra]]-TabelaSobras[[#This Row],[Saída]]-TabelaSobras[[#This Row],[Saída 2]] | M90: Nesher | N90: =TabelaSobras[[#This Row],[M² Sobras]]*L90 | O90: 232 | Q90: multilínea | R90: Yuri | S90: 46192 | T90: =TODAY()-TabelaSobras[[#This Row],[Data do Registro inicial]]
A91: N | B91: =VLOOKUP(LEFT(A91,1),Tabela5[],2,0) | C91: MDF - 15MM | D91: =VLOOKUP(TabelaSobras[[#This Row],[Tipo de Chapa/COR]],'PREÇOS MDF'!$A$7:$B$10,2,0) | E91: 670 | F91: 143 | G91: =TabelaSobras[[#This Row],[Comprimento Sobras (mm)]] & " X " & F91 | H91: =(TabelaSobras[[#This Row],[Comprimento Sobras (mm)]]*F91/1000000) | I91: =695+400 | J91: =IF(TabelaSobras[[#This Row],[Estoque]]<=$U$1,$V$1,$W$1) | K91: =TabelaSobras[[#This Row],[Quantidade de Sobra]]-L91 | L91: =TabelaSobras[[#This Row],[Quantidade de Sobra]]-TabelaSobras[[#This Row],[Saída]]-TabelaSobras[[#This Row],[Saída 2]] | M91: Nesher | N91: =TabelaSobras[[#This Row],[M² Sobras]]*L91 | O91: 1095 | Q91: N30 | T91: =TODAY()-TabelaSobras[[#This Row],[Data do Registro inicial]]
A92: N-PORTA CORTADA NA CHAPA ERRADA - RECORTAR PARA CAIXOTE | B92: =VLOOKUP(LEFT(A92,1),Tabela5[],2,0) | C92: MDF - 15MM | D92: =VLOOKUP(TabelaSobras[[#This Row],[Tipo de Chapa/COR]],'PREÇOS MDF'!$A$7:$B$10,2,0) | E92: 987 | F92: 413 | G92: =TabelaSobras[[#This Row],[Comprimento Sobras (mm)]] & " X " & F92 | H92: =(TabelaSobras[[#This Row],[Comprimento Sobras (mm)]]*F92/1000000) | I92: =161-7 | J92: =IF(TabelaSobras[[#This Row],[Estoque]]<=$U$1,$V$1,$W$1) | K92: =TabelaSobras[[#This Row],[Quantidade de Sobra]]-L92 | L92: =TabelaSobras[[#This Row],[Quantidade de Sobra]]-TabelaSobras[[#This Row],[Saída]]-TabelaSobras[[#This Row],[Saída 2]] | M92: Nesher | N92: =TabelaSobras[[#This Row],[M² Sobras]]*L92 | O92: 154 | Q92: REC PARA LAT DO ARM ADEGA - N31 | T92: =TODAY()-TabelaSobras[[#This Row],[Data do Registro inicial]]
A93: N-FURAÇÃO ERRADA | B93: =VLOOKUP(LEFT(A93,1),Tabela5[],2,0) | C93: MDF - 15MM | D93: =VLOOKUP(TabelaSobras[[#This Row],[Tipo de Chapa/COR]],'PREÇOS MDF'!$A$7:$B$10,2,0) | E93: 803 | F93: 297 | G93: =TabelaSobras[[#This Row],[Comprimento Sobras (mm)]] & " X " & F93 | H93: =(TabelaSobras[[#This Row],[Comprimento Sobras (mm)]]*F93/1000000) | I93: 600 | J93: =IF(TabelaSobras[[#This Row],[Estoque]]<=$U$1,$V$1,$W$1) | K93: =TabelaSobras[[#This Row],[Quantidade de Sobra]]-L93 | L93: =TabelaSobras[[#This Row],[Quantidade de Sobra]]-TabelaSobras[[#This Row],[Saída]]-TabelaSobras[[#This Row],[Saída 2]] | M93: Nesher | N93: =TabelaSobras[[#This Row],[M² Sobras]]*L93 | O93: 600 | Q93: N2603210 | S93: 46140 | T93: =TODAY()-TabelaSobras[[#This Row],[Data do Registro inicial]]
A94: N-FURAÇÃO ERRADA | B94: =VLOOKUP(LEFT(A94,1),Tabela5[],2,0) | C94: MDF - 15MM | D94: =VLOOKUP(TabelaSobras[[#This Row],[Tipo de Chapa/COR]],'PREÇOS MDF'!$A$7:$B$10,2,0) | E94: 1170 | F94: 292 | G94: =TabelaSobras[[#This Row],[Comprimento Sobras (mm)]] & " X " & F94 | H94: =(TabelaSobras[[#This Row],[Comprimento Sobras (mm)]]*F94/1000000) | I94: 300 | J94: =IF(TabelaSobras[[#This Row],[Estoque]]<=$U$1,$V$1,$W$1) | K94: =TabelaSobras[[#This Row],[Quantidade de Sobra]]-L94 | L94: =TabelaSobras[[#This Row],[Quantidade de Sobra]]-TabelaSobras[[#This Row],[Saída]]-TabelaSobras[[#This Row],[Saída 2]] | M94: Nesher | N94: =TabelaSobras[[#This Row],[M² Sobras]]*L94 | O94: 300 | Q94: N2603210 | S94: 46140 | T94: =TODAY()-TabelaSobras[[#This Row],[Data do Registro inicial]]
A95: N-FURAÇÃO ERRADA | B95: =VLOOKUP(LEFT(A95,1),Tabela5[],2,0) | C95: MDF - 25MM | D95: =VLOOKUP(TabelaSobras[[#This Row],[Tipo de Chapa/COR]],'PREÇOS MDF'!$A$7:$B$10,2,0) | E95: 2095 | F95: 450 | G95: =TabelaSobras[[#This Row],[Comprimento Sobras (mm)]] & " X " & F95 | H95: =(TabelaSobras[[#This Row],[Comprimento Sobras (mm)]]*F95/1000000) | J95: =IF(TabelaSobras[[#This Row],[Estoque]]<=$U$1,$V$1,$W$1) | K95: =TabelaSobras[[#This Row],[Quantidade de Sobra]]-L95 | L95: =TabelaSobras[[#This Row],[Quantidade de Sobra]]-TabelaSobras[[#This Row],[Saída]]-TabelaSobras[[#This Row],[Saída 2]] | N95: =TabelaSobras[[#This Row],[M² Sobras]]*L95 | T95: =TODAY()-TabelaSobras[[#This Row],[Data do Registro inicial]]
A96: N-CORTE ERRADO | B96: =VLOOKUP(LEFT(A96,1),Tabela5[],2,0) | C96: MDF - 15MM | D96: =VLOOKUP(TabelaSobras[[#This Row],[Tipo de Chapa/COR]],'PREÇOS MDF'!$A$7:$B$10,2,0) | E96: 972 | F96: 100 | G96: =TabelaSobras[[#This Row],[Comprimento Sobras (mm)]] & " X " & F96 | H96: =(TabelaSobras[[#This Row],[Comprimento Sobras (mm)]]*F96/1000000) | I96: 300 | J96: =IF(TabelaSobras[[#This Row],[Estoque]]<=$U$1,$V$1,$W$1) | K96: =TabelaSobras[[#This Row],[Quantidade de Sobra]]-L96 | L96: =TabelaSobras[[#This Row],[Quantidade de Sobra]]-TabelaSobras[[#This Row],[Saída]]-TabelaSobras[[#This Row],[Saída 2]] | M96: Nesher | N96: =TabelaSobras[[#This Row],[M² Sobras]]*L96 | O96: 300 | Q96: N32 | S96: 46140 | T96: =TODAY()-TabelaSobras[[#This Row],[Data do Registro inicial]]
A97: N-CORTE ERRADO | B97: =VLOOKUP(LEFT(A97,1),Tabela5[],2,0) | C97: MDF - 15MM | D97: =VLOOKUP(TabelaSobras[[#This Row],[Tipo de Chapa/COR]],'PREÇOS MDF'!$A$7:$B$10,2,0) | E97: 781 | F97: 572 | G97: =TabelaSobras[[#This Row],[Comprimento Sobras (mm)]] & " X " & F97 | H97: =(TabelaSobras[[#This Row],[Comprimento Sobras (mm)]]*F97/1000000) | I97: 40 | J97: =IF(TabelaSobras[[#This Row],[Estoque]]<=$U$1,$V$1,$W$1) | K97: =TabelaSobras[[#This Row],[Quantidade de Sobra]]-L97 | L97: =TabelaSobras[[#This Row],[Quantidade de Sobra]]-TabelaSobras[[#This Row],[Saída]]-TabelaSobras[[#This Row],[Saída 2]] | M97: Nesher | N97: =TabelaSobras[[#This Row],[M² Sobras]]*L97 | O97: 40 | S97: 46140 | T97: =TODAY()-TabelaSobras[[#This Row],[Data do Registro inicial]]
A98: N-CORTE ERRADO | B98: =VLOOKUP(LEFT(A98,1),Tabela5[],2,0) | C98: MDF - 15MM | D98: =VLOOKUP(TabelaSobras[[#This Row],[Tipo de Chapa/COR]],'PREÇOS MDF'!$A$7:$B$10,2,0) | E98: 565 | F98: 316 | G98: =TabelaSobras[[#This Row],[Comprimento Sobras (mm)]] & " X " & F98 | H98: =(TabelaSobras[[#This Row],[Comprimento Sobras (mm)]]*F98/1000000) | I98: 350 | J98: =IF(TabelaSobras[[#This Row],[Estoque]]<=$U$1,$V$1,$W$1) | K98: =TabelaSobras[[#This Row],[Quantidade de Sobra]]-L98 | L98: =TabelaSobras[[#This Row],[Quantidade de Sobra]]-TabelaSobras[[#This Row],[Saída]]-TabelaSobras[[#This Row],[Saída 2]] | M98: Nesher | N98: =TabelaSobras[[#This Row],[M² Sobras]]*L98 | O98: 350 | Q98: N32 | R98: Yuri | S98: 46140 | T98: =TODAY()-TabelaSobras[[#This Row],[Data do Registro inicial]]
A99: N-SOBRA DE CORTE | B99: =VLOOKUP(LEFT(A99,1),Tabela5[],2,0) | C99: MDF - 15MM | D99: =VLOOKUP(TabelaSobras[[#This Row],[Tipo de Chapa/COR]],'PREÇOS MDF'!$A$7:$B$10,2,0) | E99: 2064 | F99: 297 | G99: =TabelaSobras[[#This Row],[Comprimento Sobras (mm)]] & " X " & F99 | H99: =(TabelaSobras[[#This Row],[Comprimento Sobras (mm)]]*F99/1000000) | I99: 126 | J99: =IF(TabelaSobras[[#This Row],[Estoque]]<=$U$1,$V$1,$W$1) | K99: =TabelaSobras[[#This Row],[Quantidade de Sobra]]-L99 | L99: =TabelaSobras[[#This Row],[Quantidade de Sobra]]-TabelaSobras[[#This Row],[Saída]]-TabelaSobras[[#This Row],[Saída 2]] | M99: Nesher | N99: =TabelaSobras[[#This Row],[M² Sobras]]*L99 | O99: 126 | Q99: RECORTE N32 | S99: 46147 | T99: =TODAY()-TabelaSobras[[#This Row],[Data do Registro inicial]]
A100: N-SOBRAS SECCIONADORA | B100: =VLOOKUP(LEFT(A100,1),Tabela5[],2,0) | C100: MDF - 15MM | D100: =VLOOKUP(TabelaSobras[[#This Row],[Tipo de Chapa/COR]],'PREÇOS MDF'!$A$7:$B$10,2,0) | E100: 972 | F100: 297 | G100: =TabelaSobras[[#This Row],[Comprimento Sobras (mm)]] & " X " & F100 | H100: =(TabelaSobras[[#This Row],[Comprimento Sobras (mm)]]*F100/1000000) | I100: 28 | J100: =IF(TabelaSobras[[#This Row],[Estoque]]<=$U$1,$V$1,$W$1) | K100: =TabelaSobras[[#This Row],[Quantidade de Sobra]]-L100 | L100: =TabelaSobras[[#This Row],[Quantidade de Sobra]]-TabelaSobras[[#This Row],[Saída]]-TabelaSobras[[#This Row],[Saída 2]] | M100: Nesher | N100: =TabelaSobras[[#This Row],[M² Sobras]]*L100 | O100: 28 | Q100: N4601 | R100: Yuri | S100: 46147 | T100: =TODAY()-TabelaSobras[[#This Row],[Data do Registro inicial]]
...

Sheet REFERÊNCIA
A1: Coluna1 | B1: Coluna2
A2: N | B2: Nesher
A3: I | B3: Multilínea
A4: M | B4: Multilínea
A5: L | B5: Líder
A6: U | B6: Líder
A7: A | B7: Nesher
A8: E | B8: Nesher
A9: V | B9: Via
A11: material | B11: m² da chapa
A12: MDF - 9MM | B12: 5.0875
A13: MDF - 15MM | B13: 6.05
A14: MDF - 25MM 2750x2200 | B14: 6.05
A15: MDF - 25MM 2750x2100 | B15: 5.775
A16: EUCADUR BR - 2,5MM | B16: 5.8575
A17: EUCADUR FRJ - 2,5MM | B17: 5.8575
A18: EUCADUR NT - 2,5MM | B18: 5.8575
A19: CAPA DURATREE -2,5MM | B19: 5.8575
A20: CAPA MDF - 15MM | B20: 6.05
A21: MDF - 18MM 2750X1850 | B21: 5.0875
A22: CAPA MDF - 12MM | B22: 6.05
A23: MDF - 25MM 2750X450 - SOBRAS | B23: 1.2375
... A25: MDF BERNECK - 15MM | B25: 6.05

Sheet LISTA
A1: TIPO DE CHAPA | B1: Fábrica | C1: TIPO DE CHAPA FUNDO | D1: Resposáveis
A2: MDF - 9MM | B2: Nesher | C2: EUCADUR FRJ - 2,5MM | D2: Yuri | F2: Coluna1
A3: MDF - 15MM | B3: Multilínea | C3: EUCADUR NT - 2,5MM | D3: Estevão | F3: MDF - 9MM
A4: MDF - 25MM | B4: Líder | C4: EUCADUR BR - 2,5MM | F4: MDF - 15MM
A5: MDF - 30MM | B5: Via | C5: DURATREE -2,5MM | F5: MDF - 25MM 2750x2100
A6: DURATREE - 2,5MM | F6: MDF - 25MM 2750x2200
A7: MDF - 18MM | F7: MDF - 30MM
A8: CAPA MDF - 15MM | F8: EUCADUR BR - 2,5MM
F9: EUCADUR FRJ - 2,5MM
F10: EUCADUR NT - 2,5MM
F11: CAPA DURATREE -2,5MM
F12: CAPA MDF - 15MM
F13: MDF - 18MM 2750X1850
F14: SOBRAS DE TERCEIROS FRJ
F15: MDF - 25MM 2750X450 - SOBRAS
F16: TIRA 9MM - 1850X165X9
F17: MDF BERNECK - 15MM

Sheet CHAPAS POR LOTE
A2: DATA | B2: OP | C2: Fábrica | D2: Tipo de Chapa | E2: M² Da chapa | F2: Qtde Chapas Liberadas | G2: Média Ponderada Perda (%) | H2: M² CHAPAS | I2: ERP | J2: CHAPAS ERP | K2: DIFERENÇA M² | L2: DIFERENÇA EM CHAPAS
A3: - | B3: N2504703 | C3: =VLOOKUP(LEFT(B3,1),Tabela5[],2,0) | D3: MDF - 15MM | E3: =VLOOKUP(Tabela10[[#This Row],[Tipo de Chapa]],Tabela11[],2,FALSE) | F3: 55 | H3: =Tabela10[[#This Row],[M² Da chapa]]*Tabela10[[#This Row],[Qtde Chapas Liberadas]] | J3: =Tabela10[[#This Row],[ERP]]/Tabela10[[#This Row],[M² Da chapa]] | K3: =Tabela10[[#This Row],[M² CHAPAS]]-Tabela10[[#This Row],[ERP]] | L3: =Tabela10[[#This Row],[DIFERENÇA M²]]/Tabela10[[#This Row],[M² Da chapa]]
A4: - | B4: N25045 | C4: =VLOOKUP(LEFT(B4,1),Tabela5[],2,0) | D4: MDF - 15MM | E4: =VLOOKUP(Tabela10[[#This Row],[Tipo de Chapa]],Tabela11[],2,FALSE) | F4: 286 | H4: =Tabela10[[#This Row],[M² Da chapa]]*Tabela10[[#This Row],[Qtde Chapas Liberadas]] | J4: =Tabela10[[#This Row],[ERP]]/Tabela10[[#This Row],[M² Da chapa]] | K4: =Tabela10[[#This Row],[M² CHAPAS]]-Tabela10[[#This Row],[ERP]] | L4: =Tabela10[[#This Row],[DIFERENÇA M²]]/Tabela10[[#This Row],[M² Da chapa]]
A5: - | B5: N25047 | C5: =VLOOKUP(LEFT(B5,1),Tabela5[],2,0) | D5: EUCADUR NT - 2,5MM | E5: =VLOOKUP(Tabela10[[#This Row],[Tipo de Chapa]],Tabela11[],2,FALSE) | F5: 334 | H5: =Tabela10[[#This Row],[M² Da chapa]]*Tabela10[[#This Row],[Qtde Chapas Liberadas]] | J5: =Tabela10[[#This Row],[ERP]]/Tabela10[[#This Row],[M² Da chapa]] | K5: =Tabela10[[#This Row],[M² CHAPAS]]-Tabela10[[#This Row],[ERP]] | L5: =Tabela10[[#This Row],[DIFERENÇA M²]]/Tabela10[[#This Row],[M² Da chapa]]
A6: - | B6: N2504501 | C6: =VLOOKUP(LEFT(B6,1),Tabela5[],2,0) | D6: MDF - 15MM | E6: =VLOOKUP(Tabela10[[#This Row],[Tipo de Chapa]],Tabela11[],2,FALSE) | F6: 45 | H6: =Tabela10[[#This Row],[M² Da chapa]]*Tabela10[[#This Row],[Qtde Chapas Liberadas]] | J6: =Tabela10[[#This Row],[ERP]]/Tabela10[[#This Row],[M² Da chapa]] | K6: =Tabela10[[#This Row],[M² CHAPAS]]-Tabela10[[#This Row],[ERP]] | L6: =Tabela10[[#This Row],[DIFERENÇA M²]]/Tabela10[[#This Row],[M² Da chapa]]
A7: - | B7: N2504505 | C7: =VLOOKUP(LEFT(B7,1),Tabela5[],2,0) | D7: MDF - 15MM | E7: =VLOOKUP(Tabela10[[#This Row],[Tipo de Chapa]],Tabela11[],2,FALSE) | F7: 295 | H7: =Tabela10[[#This Row],[M² Da chapa]]*Tabela10[[#This Row],[Qtde Chapas Liberadas]] | J7: =Tabela10[[#This Row],[ERP]]/Tabela10[[#This Row],[M² Da chapa]] | K7: =Tabela10[[#This Row],[M² CHAPAS]]-Tabela10[[#This Row],[ERP]] | L7: =Tabela10[[#This Row],[DIFERENÇA M²]]/Tabela10[[#This Row],[M² Da chapa]]
A8: - | B8: N2504506 | C8: =VLOOKUP(LEFT(B8,1),Tabela5[],2,0) | D8: MDF - 15MM | E8: =VLOOKUP(Tabela10[[#This Row],[Tipo de Chapa]],Tabela11[],2,FALSE) | F8: 115 | H8: =Tabela10[[#This Row],[M² Da chapa]]*Tabela10[[#This Row],[Qtde Chapas Liberadas]] | J8: =Tabela10[[#This Row],[ERP]]/Tabela10[[#This Row],[M² Da chapa]] | K8: =Tabela10[[#This Row],[M² CHAPAS]]-Tabela10[[#This Row],[ERP]] | L8: =Tabela10[[#This Row],[DIFERENÇA M²]]/Tabela10[[#This Row],[M² Da chapa]]
A9: - | B9: N2504701 | C9: =VLOOKUP(LEFT(B9,1),Tabela5[],2,0) | D9: MDF - 15MM | E9: =VLOOKUP(Tabela10[[#This Row],[Tipo de Chapa]],Tabela11[],2,FALSE) | F9: 63 | H9: =Tabela10[[#This Row],[M² Da chapa]]*Tabela10[[#This Row],[Qtde Chapas Liberadas]] | J9: =Tabela10[[#This Row],[ERP]]/Tabela10[[#This Row],[M² Da chapa]] | K9: =Tabela10[[#This Row],[M² CHAPAS]]-Tabela10[[#This Row],[ERP]] | L9: =Tabela10[[#This Row],[DIFERENÇA M²]]/Tabela10[[#This Row],[M² Da chapa]]
A10: - | B10: N2504702 | C10: =VLOOKUP(LEFT(B10,1),Tabela5[],2,0) | D10: MDF - 15MM | E10: =VLOOKUP(Tabela10[[#This Row],[Tipo de Chapa]],Tabela11[],2,FALSE) | F10: 114 | H10: =Tabela10[[#This Row],[M² Da chapa]]*Tabela10[[#This Row],[Qtde Chapas Liberadas]] | J10: =Tabela10[[#This Row],[ERP]]/Tabela10[[#This Row],[M² Da chapa]] | K10: =Tabela10[[#This Row],[M² CHAPAS]]-Tabela10[[#This Row],[ERP]] | L10: =Tabela10[[#This Row],[DIFERENÇA M²]]/Tabela10[[#This Row],[M² Da chapa]]
A11: - | B11: N2504704 | C11: =VLOOKUP(LEFT(B11,1),Tabela5[],2,0) | D11: MDF - 15MM | E11: =VLOOKUP(Tabela10[[#This Row],[Tipo de Chapa]],Tabela11[],2,FALSE) | F11: 183 | H11: =Tabela10[[#This Row],[M² Da chapa]]*Tabela10[[#This Row],[Qtde Chapas Liberadas]] | J11: =Tabela10[[#This Row],[ERP]]/Tabela10[[#This Row],[M² Da chapa]] | K11: =Tabela10[[#This Row],[M² CHAPAS]]-Tabela10[[#This Row],[ERP]] | L11: =Tabela10[[#This Row],[DIFERENÇA M²]]/Tabela10[[#This Row],[M² Da chapa]]
A12: - | B12: N2504705 | C12: =VLOOKUP(LEFT(B12,1),Tabela5[],2,0) | D12: MDF - 15MM | E12: =VLOOKUP(Tabela10[[#This Row],[Tipo de Chapa]],Tabela11[],2,FALSE) | F12: 384 | H12: =Tabela10[[#This Row],[M² Da chapa]]*Tabela10[[#This Row],[Qtde Chapas Liberadas]] | J12: =Tabela10[[#This Row],[ERP]]/Tabela10[[#This Row],[M² Da chapa]] | K12: =Tabela10[[#This Row],[M² CHAPAS]]-Tabela10[[#This Row],[ERP]] | L12: =Tabela10[[#This Row],[DIFERENÇA M²]]/Tabela10[[#This Row],[M² Da chapa]]
A13: - | B13: M25023 | C13: =VLOOKUP(LEFT(B13,1),Tabela5[],2,0) | D13: EUCADUR NT - 2,5MM | E13: =VLOOKUP(Tabela10[[#This Row],[Tipo de Chapa]],Tabela11[],2,FALSE) | F13: 349 | H13: =Tabela10[[#This Row],[M² Da chapa]]*Tabela10[[#This Row],[Qtde Chapas Liberadas]] | J13: =Tabela10[[#This Row],[ERP]]/Tabela10[[#This Row],[M² Da chapa]] | K13: =Tabela10[[#This Row],[M² CHAPAS]]-Tabela10[[#This Row],[ERP]] | L13: =Tabela10[[#This Row],[DIFERENÇA M²]]/Tabela10[[#This Row],[M² Da chapa]]
A14: - | B14: M25024 | C14: =VLOOKUP(LEFT(B14,1),Tabela5[],2,0) | D14: EUCADUR NT - 2,5MM | E14: =VLOOKUP(Tabela10[[#This Row],[Tipo de Chapa]],Tabela11[],2,FALSE) | F14: 306 | H14: =Tabela10[[#This Row],[M² Da chapa]]*Tabela10[[#This Row],[Qtde Chapas Liberadas]] | J14: =Tabela10[[#This Row],[ERP]]/Tabela10[[#This Row],[M² Da chapa]] | K14: =Tabela10[[#This Row],[M² CHAPAS]]-Tabela10[[#This Row],[ERP]] | L14: =Tabela10[[#This Row],[DIFERENÇA M²]]/Tabela10[[#This Row],[M² Da chapa]]
... A37: - | B37: N2505006 | C37: =VLOOKUP(LEFT(B37,1),Tabela5[],2,0) | D37: MDF - 15MM | E37: =VLOOKUP(Tabela10[[#This Row],[Tipo de Chapa]],Tabela11[],2,FALSE) | F37: 181 | H37: =Tabela10[[#This Row],[M² Da chapa]]*Tabela10[[#This Row],[Qtde Chapas Liberadas]] | J37: =Tabela10[[#This Row],[ERP]]/Tabela10[[#This Row],[M² Da chapa]] | K37: =Tabela10[[#This Row],[M² CHAPAS]]-Tabela10[[#This Row],[ERP]] | L37: =Tabela10[[#This Row],[DIFERENÇA M²]]/Tabela10[[#This Row],[M² Da chapa]]
A38: - | B38: N2505101 | C38: =VLOOKUP(LEFT(B38,1),Tabela5[],2,0) | D38: MDF - 15MM | E38: =VLOOKUP(Tabela10[[#This Row],[Tipo de Chapa]],Tabela11[],2,FALSE) | F38: 147 | H38: =Tabela10[[#This Row],[M² Da chapa]]*Tabela10[[#This Row],[Qtde Chapas Liberadas]] | I38: 862.3248 | J38: =Tabela10[[#This Row],[ERP]]/Tabela10[[#This Row],[M² Da chapa]] | K38: =Tabela10[[#This Row],[M² CHAPAS]]-Tabela10[[#This Row],[ERP]] | L38: =Tabela10[[#This Row],[DIFERENÇA M²]]/Tabela10[[#This Row],[M² Da chapa]]
A39: - | B39: N2505102 | N2505103 | C39: =VLOOKUP(LEFT(B39,1),Tabela5[],2,0) | D39: MDF - 15MM | E39: =VLOOKUP(Tabela10[[#This Row],[Tipo de Chapa]],Tabela11[],2,FALSE) | F39: 114 | H39: =Tabela10[[#This Row],[M² Da chapa]]*Tabela10[[#This Row],[Qtde Chapas Liberadas]] | I39: 671.7968 | J39: =Tabela10[[#This Row],[ERP]]/Tabela10[[#This Row],[M² Da chapa]] | K39: =Tabela10[[#This Row],[M² CHAPAS]]-Tabela10[[#This Row],[ERP]] | L39: =Tabela10[[#This Row],[DIFERENÇA M²]]/Tabela10[[#This Row],[M² Da chapa]]
A40: - | B40: ASTEC VAGNER 01/07/25 | C40: =VLOOKUP(LEFT(B40,1),Tabela5[],2,0) | D40: CAPA - 15MM | E40: =VLOOKUP(Tabela10[[#This Row],[Tipo de Chapa]],Tabela11[],2,FALSE) | F40: 21 | H40: =Tabela10[[#This Row],[M² Da chapa]]*Tabela10[[#This Row],[Qtde Chapas Liberadas]] | J40: =Tabela10[[#This Row],[ERP]]/Tabela10[[#This Row],[M² Da chapa]] | K40: =Tabela10[[#This Row],[M² CHAPAS]]-Tabela10[[#This Row],[ERP]] | L40: =Tabela10[[#This Row],[DIFERENÇA M²]]/Tabela10[[#This Row],[M² Da chapa]]
A41: - | B41: EXPOSITOR FEIRA DE BELEM 2025 | C41: =VLOOKUP(LEFT(B41,1),Tabela5[],2,0) | D41: MDF - 15MM | E41: =VLOOKUP(Tabela10[[#This Row],[Tipo de Chapa]],Tabela11[],2,FALSE) | F41: 34 | H41: =Tabela10[[#This Row],[M² Da chapa]]*Tabela10[[#This Row],[Qtde Chapas Liberadas]] | J41: =Tabela10[[#This Row],[ERP]]/Tabela10[[#This Row],[M² Da chapa]] | K41: =Tabela10[[#This Row],[M² CHAPAS]]-Tabela10[[#This Row],[ERP]] | L41: =Tabela10[[#This Row],[DIFERENÇA M²]]/Tabela10[[#This Row],[M² Da chapa]]
A42: - | B42: M25026 | C42: =VLOOKUP(LEFT(B42,1),Tabela5[],2,0) | D42: EUCADUR NT - 2,5MM | E42: =VLOOKUP(Tabela10[[#This Row],[Tipo de Chapa]],Tabela11[],2,FALSE) | F42: 334 | H42: =Tabela10[[#This Row],[M² Da chapa]]*Tabela10[[#This Row],[Qtde Chapas Liberadas]] | J42: =Tabela10[[#This Row],[ERP]]/Tabela10[[#This Row],[M² Da chapa]] | K42: =Tabela10[[#This Row],[M² CHAPAS]]-Tabela10[[#This Row],[ERP]] | L42: =Tabela10[[#This Row],[DIFERENÇA M²]]/Tabela10[[#This Row],[M² Da chapa]]
A43: - | B43: M25027 | C43: =VLOOKUP(LEFT(B43,1),Tabela5[],2,0) | D43: EUCADUR NT - 2,5MM | E43: =VLOOKUP(Tabela10[[#This Row],[Tipo de Chapa]],Tabela11[],2,FALSE) | F43: 260 | H43: =Tabela10[[#This Row],[M² Da chapa]]*Tabela10[[#This Row],[Qtde Chapas Liberadas]] | J43: =Tabela10[[#This Row],[ERP]]/Tabela10[[#This Row],[M² Da chapa]] | K43: =Tabela10[[#This Row],[M² CHAPAS]]-Tabela10[[#This Row],[ERP]] | L43: =Tabela10[[#This Row],[DIFERENÇA M²]]/Tabela10[[#This Row],[M² Da chapa]]
A44: - | B44: M25028 | C44: =VLOOKUP(LEFT(B44,1),Tabela5[],2,0) | D44: EUCADUR NT - 2,5MM | E44: =VLOOKUP(Tabela10[[#This Row],[Tipo de Chapa]],Tabela11[],2,FALSE) | F44: 304 | H44: =Tabela10[[#This Row],[M² Da chapa]]*Tabela10[[#This Row],[Qtde Chapas Liberadas]] | J44: =Tabela10[[#This Row],[ERP]]/Tabela10[[#This Row],[M² Da chapa]] | K44: =Tabela10[[#This Row],[M² CHAPAS]]-Tabela10[[#This Row],[ERP]] | L44: =Tabela10[[#This Row],[DIFERENÇA M²]]/Tabela10[[#This Row],[M² Da chapa]]
A45: - | B45: M25028 | C45: =VLOOKUP(LEFT(B45,1),Tabela5[],2,0) | D45: DURATREE -2,5MM | E45: =VLOOKUP(Tabela10[[#This Row],[Tipo de Chapa]],Tabela11[],2,FALSE) | F45: 127 | H45: =Tabela10[[#This Row],[M² Da chapa]]*Tabela10[[#This Row],[Qtde Chapas Liberadas]] | J45: =Tabela10[[#This Row],[ERP]]/Tabela10[[#This Row],[M² Da chapa]] | K45: =Tabela10[[#This Row],[M² CHAPAS]]-Tabela10[[#This Row],[ERP]] | L45: =Tabela10[[#This Row],[DIFERENÇA M²]]/Tabela10[[#This Row],[M² Da chapa]]
A46: - | B46: N2505104 | N2505106 | C46: =VLOOKUP(LEFT(B46,1),Tabela5[],2,0) | D46: MDF - 15MM | E46: =VLOOKUP(Tabela10[[#This Row],[Tipo de Chapa]],Tabela11[],2,FALSE) | F46: 242 | H46: =Tabela10[[#This Row],[M² Da chapa]]*Tabela10[[#This Row],[Qtde Chapas Liberadas]] | I46: 1250.8515 | J46: =Tabela10[[#This Row],[ERP]]/Tabela10[[#This Row],[M² Da chapa]] | K46: =Tabela10[[#This Row],[M² CHAPAS]]-Tabela10[[#This Row],[ERP]] | L46: =Tabela10[[#This Row],[DIFERENÇA M²]]/Tabela10[[#This Row],[M² Da chapa]]
A47: - | B47: N2505109 | C47: =VLOOKUP(LEFT(B47,1),Tabela5[],2,0) | D47: MDF - 15MM | E47: =VLOOKUP(Tabela10[[#This Row],[Tipo de Chapa]],Tabela11[],2,FALSE) | F47: 13 | H47: =Tabela10[[#This Row],[M² Da chapa]]*Tabela10[[#This Row],[Qtde Chapas Liberadas]] | I47: 76 | J47: =Tabela10[[#This Row],[ERP]]/Tabela10[[#This Row],[M² Da chapa]] | K47: =Tabela10[[#This Row],[M² CHAPAS]]-Tabela10[[#This Row],[ERP]] | L47: =Tabela10[[#This Row],[DIFERENÇA M²]]/Tabela10[[#This Row],[M² Da chapa]]
A48: - | B48: N2505105 | C48: =VLOOKUP(LEFT(B48,1),Tabela5[],2,0) | D48: MDF - 15MM | E48: =VLOOKUP(Tabela10[[#This Row],[Tipo de Chapa]],Tabela11[],2,FALSE) | F48: 177 | H48: =Tabela10[[#This Row],[M² Da chapa]]*Tabela10[[#This Row],[Qtde Chapas Liberadas]] | I48: 1025.354 | J48: =Tabela10[[#This Row],[ERP]]/Tabela10[[#This Row],[M² Da chapa]] | K48: =Tabela10[[#This Row],[M² CHAPAS]]-Tabela10[[#This Row],[ERP]] | L48: =Tabela10[[#This Row],[DIFERENÇA M²]]/Tabela10[[#This Row],[M² Da chapa]]
A49: - | B49: N2505107 | C49: =VLOOKUP(LEFT(B49,1),Tabela5[],2,0) | D49: MDF - 15MM | E49: =VLOOKUP(Tabela10[[#This Row],[Tipo de Chapa]],Tabela11[],2,FALSE) | F49: 206 | H49: =Tabela10[[#This Row],[M² Da chapa]]*Tabela10[[#This Row],[Qtde Chapas Liberadas]] | I49: 1194.0305 | J49: =Tabela10[[#This Row],[ERP]]/Tabela10[[#This Row],[M² Da chapa]] | K49: =Tabela10[[#This Row],[M² CHAPAS]]-Tabela10[[#This Row],[ERP]] | L49: =Tabela10[[#This Row],[DIFERENÇA M²]]/Tabela10[[#This Row],[M² Da chapa]]
A50: - | B50: N2505108 | C50: =VLOOKUP(LEFT(B50,1),Tabela5[],2,0) | D50: MDF - 15MM | E50: =VLOOKUP(Tabela10[[#This Row],[Tipo de Chapa]],Tabela11[],2,FALSE) | F50: 287 | H50: =Tabela10[[#This Row],[M² Da chapa]]*Tabela10[[#This Row],[Qtde Chapas Liberadas]] | I50: 1705.7367 | J50: =Tabela10[[#This Row],[ERP]]/Tabela10[[#This Row],[M² Da chapa]] | K50: =Tabela10[[#This Row],[M² CHAPAS]]-Tabela10[[#This Row],[ERP]] | L50: =Tabela10[[#This Row],[DIFERENÇA M²]]/Tabela10[[#This Row],[M² Da chapa]]
A51: - | B51: N2505301 | C51: =VLOOKUP(LEFT(B51,1),Tabela5[],2,0) | D51: MDF - 15MM | E51: =VLOOKUP(Tabela10[[#This Row],[Tipo de Chapa]],Tabela11[],2,FALSE) | F51: 114 | H51: =Tabela10[[#This Row],[M² Da chapa]]*Tabela10[[#This Row],[Qtde Chapas Liberadas]] | J51: =Tabela10[[#This Row],[ERP]]/Tabela10[[#This Row],[M² Da chapa]] | K51: =Tabela10[[#This Row],[M² CHAPAS]]-Tabela10[[#This Row],[ERP]] | L51: =Tabela10[[#This Row],[DIFERENÇA M²]]/Tabela10[[#This Row],[M² Da chapa]]
A52: - | B52: N2505302 | C52: =VLOOKUP(LEFT(B52,1),Tabela5[],2,0) | D52: MDF - 15MM | E52: =VLOOKUP(Tabela10[[#This Row],[Tipo de Chapa]],Tabela11[],2,FALSE) | F52: 263 | H52: =Tabela10[[#This Row],[M² Da chapa]]*Tabela10[[#This Row],[Qtde Chapas Liberadas]] | J52: =Tabela10[[#This Row],[ERP]]/Tabela10[[#This Row],[M² Da chapa]] | K52: =Tabela10[[#This Row],[M² CHAPAS]]-Tabela10[[#This Row],[ERP]] | L52: =Tabela10[[#This Row],[DIFERENÇA M²]]/Tabela10[[#This Row],[M² Da chapa]]
A53: - | B53: N2505305 | C53: =VLOOKUP(LEFT(B53,1),Tabela5[],2,0) | D53: MDF - 15MM | E53: =VLOOKUP(Tabela10[[#This Row],[Tipo de Chapa]],Tabela11[],2,FALSE) | F53: 147 | H53: =Tabela10[[#This Row],[M² Da chapa]]*Tabela10[[#This Row],[Qtde Chapas Liberadas]] | J53: =Tabela10[[#This Row],[ERP]]/Tabela10[[#This Row],[M² Da chapa]] | K53: =Tabela10[[#This Row],[M² CHAPAS]]-Tabela10[[#This Row],[ERP]] | L53: =Tabela10[[#This Row],[DIFERENÇA M²]]/Tabela10[[#This Row],[M² Da chapa]]
A54: - | B54: N2505401 | C54: =VLOOKUP(LEFT(B54,1),Tabela5[],2,0) | D54: MDF - 15MM | E54: =VLOOKUP(Tabela10[[#This Row],[Tipo de Chapa]],Tabela11[],2,FALSE) | F54: 565 | H54: =Tabela10[[#This Row],[M² Da chapa]]*Tabela10[[#This Row],[Qtde Chapas Liberadas]] | J54: =Tabela10[[#This Row],[ERP]]/Tabela10[[#This Row],[M² Da chapa]] | K54: =Tabela10[[#This Row],[M² CHAPAS]]-Tabela10[[#This Row],[ERP]] | L54: =Tabela10[[#This Row],[DIFERENÇA M²]]/Tabela10[[#This Row],[M² Da chapa]]
A55: - | B55: N2505203 | C55: =VLOOKUP(LEFT(B55,1),Tabela5[],2,0) | D55: MDF - 15MM | E55: =VLOOKUP(Tabela10[[#This Row],[Tipo de Chapa]],Tabela11[],2,FALSE) | F55: 299 | H55: =Tabela10[[#This Row],[M² Da chapa]]*Tabela10[[#This Row],[Qtde Chapas Liberadas]] | J55: =Tabela10[[#This Row],[ERP]]/Tabela10[[#This Row],[M² Da chapa]] | K55: =Tabela10[[#This Row],[M² CHAPAS]]-Tabela10[[#This Row],[ERP]] | L55: =Tabela10[[#This Row],[DIFERENÇA M²]]/Tabela10[[#This Row],[M² Da chapa]]
A56: - | B56: N2505204 | C56: =VLOOKUP(LEFT(B56,1),Tabela5[],2,0) | D56: MDF - 15MM | E56: =VLOOKUP(Tabela10[[#This Row],[Tipo de Chapa]],Tabela11[],2,FALSE) | F56: 114 | H56: =Tabela10[[#This Row],[M² Da chapa]]*Tabela10[[#This Row],[Qtde Chapas Liberadas]] | J56: =Tabela10[[#This Row],[ERP]]/Tabela10[[#This Row],[M² Da chapa]] | K56: =Tabela10[[#This Row],[M² CHAPAS]]-Tabela10[[#This Row],[ERP]] | L56: =Tabela10[[#This Row],[DIFERENÇA M²]]/Tabela10[[#This Row],[M² Da chapa]]
A57: - | B57: N2505304 | C57: =VLOOKUP(LEFT(B57,1),Tabela5[],2,0) | D57: MDF - 15MM | E57: =VLOOKUP(Tabela10[[#This Row],[Tipo de Chapa]],Tabela11[],2,FALSE) | F57: 181 | H57: =Tabela10[[#This Row],[M² Da chapa]]*Tabela10[[#This Row],[Qtde Chapas Liberadas]] | J57: =Tabela10[[#This Row],[ERP]]/Tabela10[[#This Row],[M² Da chapa]] | K57: =Tabela10[[#This Row],[M² CHAPAS]]-Tabela10[[#This Row],[ERP]] | L57: =Tabela10[[#This Row],[DIFERENÇA M²]]/Tabela10[[#This Row],[M² Da chapa]]
A58: - | B58: N2505303 | C58: =VLOOKUP(LEFT(B58,1),Tabela5[],2,0) | D58: MDF - 15MM | E58: =VLOOKUP(Tabela10[[#This Row],[Tipo de Chapa]],Tabela11[],2,FALSE) | F58: 299 | H58: =Tabela10[[#This Row],[M² Da chapa]]*Tabela10[[#This Row],[Qtde Chapas Liberadas]] | J58: =Tabela10[[#This Row],[ERP]]/Tabela10[[#This Row],[M² Da chapa]] | K58: =Tabela10[[#This Row],[M² CHAPAS]]-Tabela10[[#This Row],[ERP]] | L58: =Tabela10[[#This Row],[DIFERENÇA M²]]/Tabela10[[#This Row],[M² Da chapa]]
A59: - | B59: N2505201/N2505202 | C59: =VLOOKUP(LEFT(B59,1),Tabela5[],2,0) | D59: MDF - 15MM | E59: =VLOOKUP(Tabela10[[#This Row],[Tipo de Chapa]],Tabela11[],2,FALSE) | F59: 520 | H59: =Tabela10[[#This Row],[M² Da chapa]]*Tabela10[[#This Row],[Qtde Chapas Liberadas]] | I59: 3181.7744 | J59: =Tabela10[[#This Row],[ERP]]/Tabela10[[#This Row],[M² Da chapa]] | K59: =Tabela10[[#This Row],[M² CHAPAS]]-Tabela10[[#This Row],[ERP]] | L59: =Tabela10[[#This Row],[DIFERENÇA M²]]/Tabela10[[#This Row],[M² Da chapa]]
A60: - | B60: N25051 | C60: =VLOOKUP(LEFT(B60,1),Tabela5[],2,0) | D60: EUCADUR FRJ - 2,5MM | E60: =VLOOKUP(Tabela10[[#This Row],[Tipo de Chapa]],Tabela11[],2,FALSE) | F60: 371 | H60: =Tabela10[[#This Row],[M² Da chapa]]*Tabela10[[#This Row],[Qtde Chapas Liberadas]] | I60: 2115.3407 | J60: =Tabela10[[#This Row],[ERP]]/Tabela10[[#This Row],[M² Da chapa]] | K60: =Tabela10[[#This Row],[M² CHAPAS]]-Tabela10[[#This Row],[ERP]] | L60: =Tabela10[[#This Row],[DIFERENÇA M²]]/Tabela10[[#This Row],[M² Da chapa]]
A61: - | B61: PROTÓTIPO 08/07/25 | C61: Nesher | D61: MDF - 15MM | E61: =VLOOKUP(Tabela10[[#This Row],[Tipo de Chapa]],Tabela11[],2,FALSE) | F61: =11+3+1+2+3+2+2+4 | H61: =Tabela10[[#This Row],[M² Da chapa]]*Tabela10[[#This Row],[Qtde Chapas Liberadas]] | J61: =Tabela10[[#This Row],[ERP]]/Tabela10[[#This Row],[M² Da chapa]] | K61: =Tabela10[[#This Row],[M² CHAPAS]]-Tabela10[[#This Row],[ERP]] | L61: =Tabela10[[#This Row],[DIFERENÇA M²]]/Tabela10[[#This Row],[M² Da chapa]]
A62: - | B62: PROTÓTIPO 08/07/25 | C62: Nesher | D62: MDF - 25MM 2750x2100 | E62: =VLOOKUP(Tabela10[[#This Row],[Tipo de Chapa]],Tabela11[],2,FALSE) | F62: 2 | H62: =Tabela10[[#This Row],[M² Da chapa]]*Tabela10[[#This Row],[Qtde Chapas Liberadas]] | J62: =Tabela10[[#This Row],[ERP]]/Tabela10[[#This Row],[M² Da chapa]] | K62: =Tabela10[[#This Row],[M² CHAPAS]]-Tabela10[[#This Row],[ERP]] | L62: =Tabela10[[#This Row],[DIFERENÇA M²]]/Tabela10[[#This Row],[M² Da chapa]]
A63: - | B63: PROTÓTIPO 08/07/25 | C63: Nesher | D63: MDF - 9MM | E63: =VLOOKUP(Tabela10[[#This Row],[Tipo de Chapa]],Tabela11[],2,FALSE) | F63: SOBRAS | H63: =Tabela10[[#This Row],[M² Da chapa]]*Tabela10[[#This Row],[Qtde Chapas Liberadas]] | J63: =Tabela10[[#This Row],[ERP]]/Tabela10[[#This Row],[M² Da chapa]] | K63: =Tabela10[[#This Row],[M² CHAPAS]]-Tabela10[[#This Row],[ERP]] | L63: =Tabela10[[#This Row],[DIFERENÇA M²]]/Tabela10[[#This Row],[M² Da chapa]]
A64: - | B64: N25052|53|54 | C64: =VLOOKUP(LEFT(B64,1),Tabela5[],2,0) | D64: EUCADUR NT - 2,5MM | E64: =VLOOKUP(Tabela10[[#This Row],[Tipo de Chapa]],Tabela11[],2,FALSE) | F64: 576 | H64: =Tabela10[[#This Row],[M² Da chapa]]*Tabela10[[#This Row],[Qtde Chapas Liberadas]] | I64: 3812.5162 | J64: =Tabela10[[#This Row],[ERP]]/Tabela10[[#This Row],[M² Da chapa]] | K64: =Tabela10[[#This Row],[M² CHAPAS]]-Tabela10[[#This Row],[ERP]] | L64: =Tabela10[[#This Row],[DIFERENÇA M²]]/Tabela10[[#This Row],[M² Da chapa]]
A65: - | B65: N25052|54 | C65: =VLOOKUP(LEFT(B65,1),Tabela5[],2,0) | D65: EUCADUR FRJ - 2,5MM | E65: =VLOOKUP(Tabela10[[#This Row],[Tipo de Chapa]],Tabela11[],2,FALSE) | F65: 378 | H65: =Tabela10[[#This Row],[M² Da chapa]]*Tabela10[[#This Row],[Qtde Chapas Liberadas]] | I65: 2018.5093 | J65: =Tabela10[[#This Row],[ERP]]/Tabela10[[#This Row],[M² Da chapa]] | K65: =Tabela10[[#This Row],[M² CHAPAS]]-Tabela10[[#This Row],[ERP]] | L65: =Tabela10[[#This Row],[DIFERENÇA M²]]/Tabela10[[#This Row],[M² Da chapa]]
A66: - | B66: I25031 | C66: =VLOOKUP(LEFT(B66,1),Tabela5[],2,0) | D66: EUCADUR FRJ - 2,5MM | E66: =VLOOKUP(Tabela10[[#This Row],[Tipo de Chapa]],Tabela11[],2,FALSE) | F66: 148 | H66: =Tabela10[[#This Row],[M² Da chapa]]*Tabela10[[#This Row],[Qtde Chapas Liberadas]] | J66: =Tabela10[[#This Row],[ERP]]/Tabela10[[#This Row],[M² Da chapa]] | K66: =Tabela10[[#This Row],[M² CHAPAS]]-Tabela10[[#This Row],[ERP]] | L66: =Tabela10[[#This Row],[DIFERENÇA M²]]/Tabela10[[#This Row],[M² Da chapa]]
A67: - | B67: EXPOSITOR CARUARU AGOSTO 2025 | C67: =VLOOKUP(LEFT(B67,1),Tabela5[],2,0) | D67: MDF - 15MM | E67: =VLOOKUP(Tabela10[[#This Row],[Tipo de Chapa]],Tabela11[],2,FALSE) | F67: 34 | H67: =Tabela10[[#This Row],[M² Da chapa]]*Tabela10[[#This Row],[Qtde Chapas Liberadas]] | J67: =Tabela10[[#This Row],[ERP]]/Tabela10[[#This Row],[M² Da chapa]] | K67: =Tabela10[[#This Row],[M² CHAPAS]]-Tabela10[[#This Row],[ERP]] | L67: =Tabela10[[#This Row],[DIFERENÇA M²]]/Tabela10[[#This Row],[M² Da chapa]]
A68: - | B68: N2505405 | C68: =VLOOKUP(LEFT(B68,1),Tabela5[],2,0) | D68: MDF - 15MM | E68: =VLOOKUP(Tabela10[[#This Row],[Tipo de Chapa]],Tabela11[],2,FALSE) | F68: 205 | H68: =Tabela10[[#This Row],[M² Da chapa]]*Tabela10[[#This Row],[Qtde Chapas Liberadas]] | J68: =Tabela10[[#This Row],[ERP]]/Tabela10[[#This Row],[M² Da chapa]] | K68: =Tabela10[[#This Row],[M² CHAPAS]]-Tabela10[[#This Row],[ERP]] | L68: =Tabela10[[#This Row],[DIFERENÇA M²]]/Tabela10[[#This Row],[M² Da chapa]]
A69: - | B69: N2505404 | C69: =VLOOKUP(LEFT(B69,1),Tabela5[],2,0) | D69: MDF - 15MM | E69: =VLOOKUP(Tabela10[[#This Row],[Tipo de Chapa]],Tabela11[],2,FALSE) | F69: 177 | H69: =Tabela10[[#This Row],[M² Da chapa]]*Tabela10[[#This Row],[Qtde Chapas Liberadas]] | J69: =Tabela10[[#This Row],[ERP]]/Tabela10[[#This Row],[M² Da chapa]] | K69: =Tabela10[[#This Row],[M² CHAPAS]]-Tabela10[[#This Row],[ERP]] | L69: =Tabela10[[#This Row],[DIFERENÇA M²]]/Tabela10[[#This Row],[M² Da chapa]]
A70: - | B70: N2505402 | N2505403 | C70: =VLOOKUP(LEFT(B70,1),Tabela5[],2,0) | D70: MDF - 15MM | E70: =VLOOKUP(Tabela10[[#This Row],[Tipo de Chapa]],Tabela11[],2,FALSE) | F70: 180 | H70: =Tabela10[[#This Row],[M² Da chapa]]*Tabela10[[#This Row],[Qtde Chapas Liberadas]] | J70: =Tabela10[[#This Row],[ERP]]/Tabela10[[#This Row],[M² Da chapa]] | K70: =Tabela10[[#This Row],[M² CHAPAS]]-Tabela10[[#This Row],[ERP]] | L70: =Tabela10[[#This Row],[DIFERENÇA M²]]/Tabela10[[#This Row],[M² Da chapa]]
A71: - | B71: M25030 | C71: =VLOOKUP(LEFT(B71,1),Tabela5[],2,0) | D71: EUCADUR NT - 2,5MM | E71: =VLOOKUP(Tabela10[[#This Row],[Tipo de Chapa]],Tabela11[],2,FALSE) | F71: 398 | H71: =Tabela10[[#This Row],[M² Da chapa]]*Tabela10[[#This Row],[Qtde Chapas Liberadas]] | I71: 2170.487 | J71: =Tabela10[[#This Row],[ERP]]/Tabela10[[#This Row],[M² Da chapa]] | K71: =Tabela10[[#This Row],[M² CHAPAS]]-Tabela10[[#This Row],[ERP]] | L71: =Tabela10[[#This Row],[DIFERENÇA M²]]/Tabela10[[#This Row],[M² Da chapa]]
A72: - | B72: M25031 | C72: =VLOOKUP(LEFT(B72,1),Tabela5[],2,0) | D72: EUCADUR FRJ - 2,5MM | E72: =VLOOKUP(Tabela10[[#This Row],[Tipo de Chapa]],Tabela11[],2,FALSE) | F72: =663-F71 | H72: =Tabela10[[#This Row],[M² Da chapa]]*Tabela10[[#This Row],[Qtde Chapas Liberadas]] | J72: =Tabela10[[#This Row],[ERP]]/Tabela10[[#This Row],[M² Da chapa]] | K72: =Tabela10[[#This Row],[M² CHAPAS]]-Tabela10[[#This Row],[ERP]] | L72: =Tabela10[[#This Row],[DIFERENÇA M²]]/Tabela10[[#This Row],[M² Da chapa]]
A73: - | B73: N2505602 | C73: =VLOOKUP(LEFT(B73,1),Tabela5[],2,0) | D73: MDF - 15MM | E73: =VLOOKUP(Tabela10[[#This Row],[Tipo de Chapa]],Tabela11[],2,FALSE) | F73: 332 | H73: =Tabela10[[#This Row],[M² Da chapa]]*Tabela10[[#This Row],[Qtde Chapas Liberadas]] | J73: =Tabela10[[#This Row],[ERP]]/Tabela10[[#This Row],[M² Da chapa]] | K73: =Tabela10[[#This Row],[M² CHAPAS]]-Tabela10[[#This Row],[ERP]] | L73: =Tabela10[[#This Row],[DIFERENÇA M²]]/Tabela10[[#This Row],[M² Da chapa]]
A74: - | B74: N2505604 | C74: =VLOOKUP(LEFT(B74,1),Tabela5[],2,0) | D74: MDF - 15MM | E74: =VLOOKUP(Tabela10[[#This Row],[Tipo de Chapa]],Tabela11[],2,FALSE) | F74: 186 | H74: =Tabela10[[#This Row],[M² Da chapa]]*Tabela10[[#This Row],[Qtde Chapas Liberadas]] | J74: =Tabela10[[#This Row],[ERP]]/Tabela10[[#This Row],[M² Da chapa]] | K74: =Tabela10[[#This Row],[M² CHAPAS]]-Tabela10[[#This Row],[ERP]] | L74: =Tabela10[[#This Row],[DIFERENÇA M²]]/Tabela10[[#This Row],[M² Da chapa]]
A75: - | B75: N Fundo 20% | C75: =VLOOKUP(LEFT(B75,1),Tabela5[],2,0) | D75: EUCADUR FRJ - 2,5MM | E75: =VLOOKUP(Tabela10[[#This Row],[Tipo de Chapa]],Tabela11[],2,FALSE) | F75: 4 | H75: =Tabela10[[#This Row],[M² Da chapa]]*Tabela10[[#This Row],[Qtde Chapas Liberadas]] | J75: =Tabela10[[#This Row],[ERP]]/Tabela10[[#This Row],[M² Da chapa]] | K75: =Tabela10[[#This Row],[M² CHAPAS]]-Tabela10[[#This Row],[ERP]] | L75: =Tabela10[[#This Row],[DIFERENÇA M²]]/Tabela10[[#This Row],[M² Da chapa]]
A76: - | B76: N Fundo Leroy | C76: =VLOOKUP(LEFT(B76,1),Tabela5[],2,0) | D76: EUCADUR NT - 2,5MM | E76: =VLOOKUP(Tabela10[[#This Row],[Tipo de Chapa]],Tabela11[],2,FALSE) | F76: 2 | H76: =Tabela10[[#This Row],[M² Da chapa]]*Tabela10[[#This Row],[Qtde Chapas Liberadas]] | J76: =Tabela10[[#This Row],[ERP]]/Tabela10[[#This Row],[M² Da chapa]] | K76: =Tabela10[[#This Row],[M² CHAPAS]]-Tabela10[[#This Row],[ERP]] | L76: =Tabela10[[#This Row],[DIFERENÇA M²]]/Tabela10[[#This Row],[M² Da chapa]]
A77: - | B77: N fundo cozinha Mauro | C77: =VLOOKUP(LEFT(B77,1),Tabela5[],2,0) | D77: EUCADUR FRJ - 2,5MM | E77: =VLOOKUP(Tabela10[[#This Row],[Tipo de Chapa]],Tabela11[],2,FALSE) | F77: 5 | H77: =Tabela10[[#This Row],[M² Da chapa]]*Tabela10[[#This Row],[Qtde Chapas Liberadas]] | J77: =Tabela10[[#This Row],[ERP]]/Tabela10[[#This Row],[M² Da chapa]] | K77: =Tabela10[[#This Row],[M² CHAPAS]]-Tabela10[[#This Row],[ERP]] | L77: =Tabela10[[#This Row],[DIFERENÇA M²]]/Tabela10[[#This Row],[M² Da chapa]]
A78: - | B78: ASTEC 12/25 - 15.07.25 | C78: =VLOOKUP(LEFT(B78,1),Tabela5[],2,0) | D78: MDF - 15MM | E78: =VLOOKUP(Tabela10[[#This Row],[Tipo de Chapa]],Tabela11[],2,FALSE) | F78: 16 | H78: =Tabela10[[#This Row],[M² Da chapa]]*Tabela10[[#This Row],[Qtde Chapas Liberadas]] | J78: =Tabela10[[#This Row],[ERP]]/Tabela10[[#This Row],[M² Da chapa]] | K78: =Tabela10[[#This Row],[M² CHAPAS]]-Tabela10[[#This Row],[ERP]] | L78: =Tabela10[[#This Row],[DIFERENÇA M²]]/Tabela10[[#This Row],[M² Da chapa]]
A79: - | B79: N25056 | C79: =VLOOKUP(LEFT(B79,1),Tabela5[],2,0) | D79: EUCADUR FRJ - 2,5MM | E79: =VLOOKUP(Tabela10[[#This Row],[Tipo de Chapa]],Tabela11[],2,FALSE) | F79: 417 | H79: =Tabela10[[#This Row],[M² Da chapa]]*Tabela10[[#This Row],[Qtde Chapas Liberadas]] | J79: =Tabela10[[#This Row],[ERP]]/Tabela10[[#This Row],[M² Da chapa]] | K79: =Tabela10[[#This Row],[M² CHAPAS]]-Tabela10[[#This Row],[ERP]] | L79: =Tabela10[[#This Row],[DIFERENÇA M²]]/Tabela10[[#This Row],[M² Da chapa]]
A80: - | B80: M25032 | C80: =VLOOKUP(LEFT(B80,1),Tabela5[],2,0) | D80: EUCADUR FRJ - 2,5MM | E80: =VLOOKUP(Tabela10[[#This Row],[Tipo de Chapa]],Tabela11[],2,FALSE) | F80: 291 | H80: =Tabela10[[#This Row],[M² Da chapa]]*Tabela10[[#This Row],[Qtde Chapas Liberadas]] | I80: 1711.4296 | J80: =Tabela10[[#This Row],[ERP]]/Tabela10[[#This Row],[M² Da chapa]] | K80: =Tabela10[[#This Row],[M² CHAPAS]]-Tabela10[[#This Row],[ERP]] | L80: =Tabela10[[#This Row],[DIFERENÇA M²]]/Tabela10[[#This Row],[M² Da chapa]]
A81: - | B81: N25057 | C81: =VLOOKUP(LEFT(B81,1),Tabela5[],2,0) | D81: EUCADUR NT - 2,5MM | E81: =VLOOKUP(Tabela10[[#This Row],[Tipo de Chapa]],Tabela11[],2,FALSE) | F81: 367 | H81: =Tabela10[[#This Row],[M² Da chapa]]*Tabela10[[#This Row],[Qtde Chapas Liberadas]] | J81: =Tabela10[[#This Row],[ERP]]/Tabela10[[#This Row],[M² Da chapa]] | K81: =Tabela10[[#This Row],[M² CHAPAS]]-Tabela10[[#This Row],[ERP]] | L81: =Tabela10[[#This Row],[DIFERENÇA M²]]/Tabela10[[#This Row],[M² Da chapa]]
A82: - | B82: M25033 | C82: =VLOOKUP(LEFT(B82,1),Tabela5[],2,0) | D82: EUCADUR NT - 2,5MM | E82: =VLOOKUP(Tabela10[[#This Row],[Tipo de Chapa]],Tabela11[],2,FALSE) | F82: 297 | H82: =Tabela10[[#This Row],[M² Da chapa]]*Tabela10[[#This Row],[Qtde Chapas Liberadas]] | J82: =Tabela10[[#This Row],[ERP]]/Tabela10[[#This Row],[M² Da chapa]] | K82: =Tabela10[[#This Row],[M² CHAPAS]]-Tabela10[[#This Row],[ERP]] | L82: =Tabela10[[#This Row],[DIFERENÇA M²]]/Tabela10[[#This Row],[M² Da chapa]]
A83: - | B83: I25032 | C83: =VLOOKUP(LEFT(B83,1),Tabela5[],2,0) | D83: EUCADUR NT - 2,5MM | E83: =VLOOKUP(Tabela10[[#This Row],[Tipo de Chapa]],Tabela11[],2,FALSE) | F83: 19 | H83: =Tabela10[[#This Row],[M² Da chapa]]*Tabela10[[#This Row],[Qtde Chapas Liberadas]] | J83: =Tabela10[[#This Row],[ERP]]/Tabela10[[#This Row],[M² Da chapa]] | K83: =Tabela10[[#This Row],[M² CHAPAS]]-Tabela10[[#This Row],[ERP]] | L83: =Tabela10[[#This Row],[DIFERENÇA M²]]/Tabela10[[#This Row],[M² Da chapa]]
A84: - | B84: I25032 | C84: =VLOOKUP(LEFT(B84,1),Tabela5[],2,0) | D84: DURATREE -2,5MM | E84: =VLOOKUP(Tabela10[[#This Row],[Tipo de Chapa]],Tabela11[],2,FALSE) | F84: 168 | H84: =Tabela10[[#This Row],[M² Da chapa]]*Tabela10[[#This Row],[Qtde Chapas Liberadas]] | J84: =Tabela10[[#This Row],[ERP]]/Tabela10[[#This Row],[M² Da chapa]] | K84: =Tabela10[[#This Row],[M² CHAPAS]]-Tabela10[[#This Row],[ERP]] | L84: =Tabela10[[#This Row],[DIFERENÇA M²]]/Tabela10[[#This Row],[M² Da chapa]]
A85: - | B85: Fundos condessa Moisés | C85: Nesher | D85: EUCADUR FRJ - 2,5MM | E85: =VLOOKUP(Tabela10[[#This Row],[Tipo de Chapa]],Tabela11[],2,FALSE) | F85: 2 | H85: =Tabela10[[#This Row],[M² Da chapa]]*Tabela10[[#This Row],[Qtde Chapas Liberadas]] | J85: =Tabela10[[#This Row],[ERP]]/Tabela10[[#This Row],[M² Da chapa]] | K85: =Tabela10[[#This Row],[M² CHAPAS]]-Tabela10[[#This Row],[ERP]] | L85: =Tabela10[[#This Row],[DIFERENÇA M²]]/Tabela10[[#This Row],[M² Da chapa]]
A86: - | B86: N25059 | C86: =VLOOKUP(LEFT(B86,1),Tabela5[],2,0) | D86: EUCADUR FRJ - 2,5MM | E86: =VLOOKUP(Tabela10[[#This Row],[Tipo de Chapa]],Tabela11[],2,FALSE) | F86: 565 | H86: =Tabela10[[#This Row],[M² Da chapa]]*Tabela10[[#This Row],[Qtde Chapas Liberadas]] | J86: =Tabela10[[#This Row],[ERP]]/Tabela10[[#This Row],[M² Da chapa]] | K86: =Tabela10[[#This Row],[M² CHAPAS]]-Tabela10[[#This Row],[ERP]] | L86: =Tabela10[[#This Row],[DIFERENÇA M²]]/Tabela10[[#This Row],[M² Da chapa]]
A87: - | B87: N25060 | C87: =VLOOKUP(LEFT(B87,1),Tabela5[],2,0) | D87: EUCADUR NT - 2,5MM | E87: =VLOOKUP(Tabela10[[#This Row],[Tipo de Chapa]],Tabela11[],2,FALSE) | F87: 361 | H87: =Tabela10[[#This Row],[M² Da chapa]]*Tabela10[[#This Row],[Qtde Chapas Liberadas]] | I87: 1840.4481 | J87: =Tabela10[[#This Row],[ERP]]/Tabela10[[#This Row],[M² Da chapa]] | K87: =Tabela10[[#This Row],[M² CHAPAS]]-Tabela10[[#This Row],[ERP]] | L87: =Tabela10[[#This Row],[DIFERENÇA M²]]/Tabela10[[#This Row],[M² Da chapa]]
A88: - | B88: N25061 | C88: =VLOOKUP(LEFT(B88,1),Tabela5[],2,0) | D88: EUCADUR NT - 2,5MM | E88: =VLOOKUP(Tabela10[[#This Row],[Tipo de Chapa]],Tabela11[],2,FALSE) | F88: 72 | H88: =Tabela10[[#This Row],[M² Da chapa]]*Tabela10[[#This Row],[Qtde Chapas Liberadas]] | I88: 645.0429 | J88: =Tabela10[[#This Row],[ERP]]/Tabela10[[#This Row],[M² Da chapa]] | K88: =Tabela10[[#This Row],[M² CHAPAS]]-Tabela10[[#This Row],[ERP]] | L88: =Tabela10[[#This Row],[DIFERENÇA M²]]/Tabela10[[#This Row],[M² Da chapa]]
A89: - | B89: N25062 | C89: =VLOOKUP(LEFT(B89,1),Tabela5[],2,0) | D89: EUCADUR FRJ - 2,5MM | E89: =VLOOKUP(Tabela10[[#This Row],[Tipo de Chapa]],Tabela11[],2,FALSE) | F89: 39 | H89: =Tabela10[[#This Row],[M² Da chapa]]*Tabela10[[#This Row],[Qtde Chapas Liberadas]] | J89: =Tabela10[[#This Row],[ERP]]/Tabela10[[#This Row],[M² Da chapa]] | K89: =Tabela10[[#This Row],[M² CHAPAS]]-Tabela10[[#This Row],[ERP]] | L89: =Tabela10[[#This Row],[DIFERENÇA M²]]/Tabela10[[#This Row],[M² Da chapa]]
A90: - | B90: N25063 | C90: =VLOOKUP(LEFT(B90,1),Tabela5[],2,0) | D90: EUCADUR NT - 2,5MM | E90: =VLOOKUP(Tabela10[[#This Row],[Tipo de Chapa]],Tabela11[],2,FALSE) | F90: 316 | H90: =Tabela10[[#This Row],[M² Da chapa]]*Tabela10[[#This Row],[Qtde Chapas Liberadas]] | I90: 1864.7884 | J90: =Tabela10[[#This Row],[ERP]]/Tabela10[[#This Row],[M² Da chapa]] | K90: =Tabela10[[#This Row],[M² CHAPAS]]-Tabela10[[#This Row],[ERP]] | L90: =Tabela10[[#This Row],[DIFERENÇA M²]]/Tabela10[[#This Row],[M² Da chapa]]
A91: - | B91: N25063 | C91: =VLOOKUP(LEFT(B91,1),Tabela5[],2,0) | D91: EUCADUR NT - 2,5MM | E91: =VLOOKUP(Tabela10[[#This Row],[Tipo de Chapa]],Tabela11[],2,FALSE) | F91: 70 | H91: =Tabela10[[#This Row],[M² Da chapa]]*Tabela10[[#This Row],[Qtde Chapas Liberadas]] | I91: 326.5048 | J91: =Tabela10[[#This Row],[ERP]]/Tabela10[[#This Row],[M² Da chapa]] | K91: =Tabela10[[#This Row],[M² CHAPAS]]-Tabela10[[#This Row],[ERP]] | L91: =Tabela10[[#This Row],[DIFERENÇA M²]]/Tabela10[[#This Row],[M² Da chapa]]
A92: - | B92: M25034 | C92: =VLOOKUP(LEFT(B92,1),Tabela5[],2,0) | D92: EUCADUR NT - 2,5MM | E92: =VLOOKUP(Tabela10[[#This Row],[Tipo de Chapa]],Tabela11[],2,FALSE) | F92: 263 | H92: =Tabela10[[#This Row],[M² Da chapa]]*Tabela10[[#This Row],[Qtde Chapas Liberadas]] | I92: 1134.1903 | J92: =Tabela10[[#This Row],[ERP]]/Tabela10[[#This Row],[M² Da chapa]] | K92: =Tabela10[[#This Row],[M² CHAPAS]]-Tabela10[[#This Row],[ERP]] | L92: =Tabela10[[#This Row],[DIFERENÇA M²]]/Tabela10[[#This Row],[M² Da chapa]]
A93: - | B93: M25035 | C93: =VLOOKUP(LEFT(B93,1),Tabela5[],2,0) | D93: EUCADUR NT - 2,5MM | E93: =VLOOKUP(Tabela10[[#This Row],[Tipo de Chapa]],Tabela11[],2,FALSE) | F93: 388 | H93: =Tabela10[[#This Row],[M² Da chapa]]*Tabela10[[#This Row],[Qtde Chapas Liberadas]] | I93: 2114.7855 | J93: =Tabela10[[#This Row],[ERP]]/Tabela10[[#This Row],[M² Da chapa]] | K93: =Tabela10[[#This Row],[M² CHAPAS]]-Tabela10[[#This Row],[ERP]] | L93: =Tabela10[[#This Row],[DIFERENÇA M²]]/Tabela10[[#This Row],[M² Da chapa]]
A94: - | B94: I25033 | C94: =VLOOKUP(LEFT(B94,1),Tabela5[],2,0) | D94: EUCADUR NT - 2,5MM | E94: =VLOOKUP(Tabela10[[#This Row],[Tipo de Chapa]],Tabela11[],2,FALSE) | F94: 280 | H94: =Tabela10[[#This Row],[M² Da chapa]]*Tabela10[[#This Row],[Qtde Chapas Liberadas]] | I94: 2125.7826 | J94: =Tabela10[[#This Row],[ERP]]/Tabela10[[#This Row],[M² Da chapa]] | K94: =Tabela10[[#This Row],[M² CHAPAS]]-Tabela10[[#This Row],[ERP]] | L94: =Tabela10[[#This Row],[DIFERENÇA M²]]/Tabela10[[#This Row],[M² Da chapa]]
A95: - | B95: N25064 | C95: =VLOOKUP(LEFT(B95,1),Tabela5[],2,0) | D95: EUCADUR NT - 2,5MM | E95: =VLOOKUP(Tabela10[[#This Row],[Tipo de Chapa]],Tabela11[],2,FALSE) | F95: 485 | H95: =Tabela10[[#This Row],[M² Da chapa]]*Tabela10[[#This Row],[Qtde Chapas Liberadas]] | I95: 2687.0064 | J95: =Tabela10[[#This Row],[ERP]]/Tabela10[[#This Row],[M² Da chapa]] | K95: =Tabela10[[#This Row],[M² CHAPAS]]-Tabela10[[#This Row],[ERP]] | L95: =Tabela10[[#This Row],[DIFERENÇA M²]]/Tabela10[[#This Row],[M² Da chapa]]
A96: - | B96: N25065 | C96: =VLOOKUP(LEFT(B96,1),Tabela5[],2,0) | D96: EUCADUR NT - 2,5MM | E96: =VLOOKUP(Tabela10[[#This Row],[Tipo de Chapa]],Tabela11[],2,FALSE) | F96: 208 | H96: =Tabela10[[#This Row],[M² Da chapa]]*Tabela10[[#This Row],[Qtde Chapas Liberadas]] | I96: 1136.2111 | J96: =Tabela10[[#This Row],[ERP]]/Tabela10[[#This Row],[M² Da chapa]] | K96: =Tabela10[[#This Row],[M² CHAPAS]]-Tabela10[[#This Row],[ERP]] | L96: =Tabela10[[#This Row],[DIFERENÇA M²]]/Tabela10[[#This Row],[M² Da chapa]]
A97: - | B97: M25036 | C97: =VLOOKUP(LEFT(B97,1),Tabela5[],2,0) | D97: EUCADUR NT - 2,5MM | E97: =VLOOKUP(Tabela10[[#This Row],[Tipo de Chapa]],Tabela11[],2,FALSE) | F97: =313+7 | H97: =Tabela10[[#This Row],[M² Da chapa]]*Tabela10[[#This Row],[Qtde Chapas Liberadas]] | J97: =Tabela10[[#This Row],[ERP]]/Tabela10[[#This Row],[M² Da chapa]] | K97: =Tabela10[[#This Row],[M² CHAPAS]]-Tabela10[[#This Row],[ERP]] | L97: =Tabela10[[#This Row],[DIFERENÇA M²]]/Tabela10[[#This Row],[M² Da chapa]]
A98: - | B98: M25037 | C98: =VLOOKUP(LEFT(B98,1),Tabela5[],2,0) | D98: EUCADUR FRJ - 2,5MM | E98: =VLOOKUP(Tabela10[[#This Row],[Tipo de Chapa]],Tabela11[],2,FALSE) | F98: 70 | H98: =Tabela10[[#This Row],[M² Da chapa]]*Tabela10[[#This Row],[Qtde Chapas Liberadas]] | J98: =Tabela10[[#This Row],[ERP]]/Tabela10[[#This Row],[M² Da chapa]] | K98: =Tabela10[[#This Row],[M² CHAPAS]]-Tabela10[[#This Row],[ERP]] | L98: =Tabela10[[#This Row],[DIFERENÇA M²]]/Tabela10[[#This Row],[M² Da chapa]]
A99: - | B99: M25037 | C99: =VLOOKUP(LEFT(B99,1),Tabela5[],2,0) | D99: EUCADUR BR - 2,5MM | E99: =VLOOKUP(Tabela10[[#This Row],[Tipo de Chapa]],Tabela11[],2,FALSE) | F99: 6 | H99: =Tabela10[[#This Row],[M² Da chapa]]*Tabela10[[#This Row],[Qtde Chapas Liberadas]] | J99: =Tabela10[[#This Row],[ERP]]/Tabela10[[#This Row],[M² Da chapa]] | K99: =Tabela10[[#This Row],[M² CHAPAS]]-Tabela10[[#This Row],[ERP]] | L99: =Tabela10[[#This Row],[DIFERENÇA M²]]/Tabela10[[#This Row],[M² Da chapa]]
A100: - | B100: M25037 | C100: =VLOOKUP(LEFT(B100,1),Tabela5[],2,0) | D100: EUCADUR NT - 2,5MM | E100: =VLOOKUP(Tabela10[[#This Row],[Tipo de Chapa]],Tabela11[],2,FALSE) | F100: 50 | H100: =Tabela10[[#This Row],[M² Da chapa]]*Tabela10[[#This Row],[Qtde Chapas Liberadas]] | J100: =Tabela10[[#This Row],[ERP]]/Tabela10[[#This Row],[M² Da chapa]] | K100: =Tabela10[[#This Row],[M² CHAPAS]]-Tabela10[[#This Row],[ERP]] | L100: =Tabela10[[#This Row],[DIFERENÇA M²]]/Tabela10[[#This Row],[M² Da chapa]]
A101: - | B101: I25034 | C101: =VLOOKUP(LEFT(B101,1),Tabela5[],2,0) | D101: EUCADUR NT - 2,5MM | E101: =VLOOKUP(Tabela10[[#This Row],[Tipo de Chapa]],Tabela11[],2,FALSE) | F101: 277 | H101: =Tabela10[[#This Row],[M² Da chapa]]*Tabela10[[#This Row],[Qtde Chapas Liberadas]] | J101: =Tabela10[[#This Row],[ERP]]/Tabela10[[#This Row],[M² Da chapa]] | K101: =Tabela10[[#This Row],[M² CHAPAS]]-Tabela10[[#This Row],[ERP]] | L101: =Tabela10[[#This Row],[DIFERENÇA M²]]/Tabela10[[#This Row],[M² Da chapa]]
A102: - | B102: I25035 | C102: =VLOOKUP(LEFT(B102,1),Tabela5[],2,0) | D102: EUCADUR NT - 2,5MM | E102: =VLOOKUP(Tabela10[[#This Row],[Tipo de Chapa]],Tabela11[],2,FALSE) | F102: 299 | H102: =Tabela10[[#This Row],[M² Da chapa]]*Tabela10[[#This Row],[Qtde Chapas Liberadas]] | J102: =Tabela10[[#This Row],[ERP]]/Tabela10[[#This Row],[M² Da chapa]] | K102: =Tabela10[[#This Row],[M² CHAPAS]]-Tabela10[[#This Row],[ERP]] | L102: =Tabela10[[#This Row],[DIFERENÇA M²]]/Tabela10[[#This Row],[M² Da chapa]]
A103: - | B103: N25066 | N25067 | C103: =VLOOKUP(LEFT(B103,1),Tabela5[],2,0) | D103: EUCADUR NT - 2,5MM | E103: =VLOOKUP(Tabela10[[#This Row],[Tipo de Chapa]],Tabela11[],2,FALSE) | F103: 383 | H103: =Tabela10[[#This Row],[M² Da chapa]]*Tabela10[[#This Row],[Qtde Chapas Liberadas]] | J103: =Tabela10[[#This Row],[ERP]]/Tabela10[[#This Row],[M² Da chapa]] | K103: =Tabela10[[#This Row],[M² CHAPAS]]-Tabela10[[#This Row],[ERP]] | L103: =Tabela10[[#This Row],[DIFERENÇA M²]]/Tabela10[[#This Row],[M² Da chapa]]
A104: - | B104: N25066 | C104: =VLOOKUP(LEFT(B104,1),Tabela5[],2,0) | D104: EUCADUR FRJ - 2,5MM | E104: =VLOOKUP(Tabela10[[#This Row],[Tipo de Chapa]],Tabela11[],2,FALSE) | F104: 82 | H104: =Tabela10[[#This Row],[M² Da chapa]]*Tabela10[[#This Row],[Qtde Chapas Liberadas]] | I104: 629.103 | J104: =Tabela10[[#This Row],[ERP]]/Tabela10[[#This Row],[M² Da chapa]] | K104: =Tabela10[[#This Row],[M² CHAPAS]]-Tabela10[[#This Row],[ERP]] | L104: =Tabela10[[#This Row],[DIFERENÇA M²]]/Tabela10[[#This Row],[M² Da chapa]]
A105: - | B105: N25068 | C105: =VLOOKUP(LEFT(B105,1),Tabela5[],2,0) | D105: EUCADUR FRJ - 2,5MM | E105: =VLOOKUP(Tabela10[[#This Row],[Tipo de Chapa]],Tabela11[],2,FALSE) | F105: 221 | H105: =Tabela10[[#This Row],[M² Da chapa]]*Tabela10[[#This Row],[Qtde Chapas Liberadas]] | I105: 1180.7378 | J105: =Tabela10[[#This Row],[ERP]]/Tabela10[[#This Row],[M² Da chapa]] | K105: =Tabela10[[#This Row],[M² CHAPAS]]-Tabela10[[#This Row],[ERP]] | L105: =Tabela10[[#This Row],[DIFERENÇA M²]]/Tabela10[[#This Row],[M² Da chapa]]
A106: - | B106: N25068 | C106: =VLOOKUP(LEFT(B106,1),Tabela5[],2,0) | D106: EUCADUR NT - 2,5MM | E106: =VLOOKUP(Tabela10[[#This Row],[Tipo de Chapa]],Tabela11[],2,FALSE) | F106: 124 | H106: =Tabela10[[#This Row],[M² Da chapa]]*Tabela10[[#This Row],[Qtde Chapas Liberadas]] | J106: =Tabela10[[#This Row],[ERP]]/Tabela10[[#This Row],[M² Da chapa]] | K106: =Tabela10[[#This Row],[M² CHAPAS]]-Tabela10[[#This Row],[ERP]] | L106: =Tabela10[[#This Row],[DIFERENÇA M²]]/Tabela10[[#This Row],[M² Da chapa]]
A107: - | B107: N25069 | C107: =VLOOKUP(LEFT(B107,1),Tabela5[],2,0) | D107: EUCADUR NT - 2,5MM | E107: =VLOOKUP(Tabela10[[#This Row],[Tipo de Chapa]],Tabela11[],2,FALSE) | F107: 140 | H107: =Tabela10[[#This Row],[M² Da chapa]]*Tabela10[[#This Row],[Qtde Chapas Liberadas]] | J107: =Tabela10[[#This Row],[ERP]]/Tabela10[[#This Row],[M² Da chapa]] | K107: =Tabela10[[#This Row],[M² CHAPAS]]-Tabela10[[#This Row],[ERP]] | L107: =Tabela10[[#This Row],[DIFERENÇA M²]]/Tabela10[[#This Row],[M² Da chapa]]
A108: - | B108: N25070 | C108: =VLOOKUP(LEFT(B108,1),Tabela5[],2,0) | D108: EUCADUR NT - 2,5MM | E108: =VLOOKUP(Tabela10[[#This Row],[Tipo de Chapa]],Tabela11[],2,FALSE) | F108: =126+30 | H108: =Tabela10[[#This Row],[M² Da chapa]]*Tabela10[[#This Row],[Qtde Chapas Liberadas]] | J108: =Tabela10[[#This Row],[ERP]]/Tabela10[[#This Row],[M² Da chapa]] | K108: =Tabela10[[#This Row],[M² CHAPAS]]-Tabela10[[#This Row],[ERP]] | L108: =Tabela10[[#This Row],[DIFERENÇA M²]]/Tabela10[[#This Row],[M² Da chapa]]
A109: - | B109: N25072 | C109: =VLOOKUP(LEFT(B109,1),Tabela5[],2,0) | D109: EUCADUR FRJ - 2,5MM | E109: =VLOOKUP(Tabela10[[#This Row],[Tipo de Chapa]],Tabela11[],2,FALSE) | F109: =581+28 | H109: =Tabela10[[#This Row],[M² Da chapa]]*Tabela10[[#This Row],[Qtde Chapas Liberadas]] | I109: 3568.6986 | J109: =Tabela10[[#This Row],[ERP]]/Tabela10[[#This Row],[M² Da chapa]] | K109: =Tabela10[[#This Row],[M² CHAPAS]]-Tabela10[[#This Row],[ERP]] | L109: =Tabela10[[#This Row],[DIFERENÇA M²]]/Tabela10[[#This Row],[M² Da chapa]]
A110: - | B110: N25073 | C110: =VLOOKUP(LEFT(B110,1),Tabela5[],2,0) | D110: EUCADUR FRJ - 2,5MM | E110: =VLOOKUP(Tabela10[[#This Row],[Tipo de Chapa]],Tabela11[],2,FALSE) | F110: 639 | H110: =Tabela10[[#This Row],[M² Da chapa]]*Tabela10[[#This Row],[Qtde Chapas Liberadas]] | J110: =Tabela10[[#This Row],[ERP]]/Tabela10[[#This Row],[M² Da chapa]] | K110: =Tabela10[[#This Row],[M² CHAPAS]]-Tabela10[[#This Row],[ERP]] | L110: =Tabela10[[#This Row],[DIFERENÇA M²]]/Tabela10[[#This Row],[M² Da chapa]]
A111: - | B111: M25038 | C111: =VLOOKUP(LEFT(B111,1),Tabela5[],2,0) | D111: EUCADUR NT - 2,5MM | E111: =VLOOKUP(Tabela10[[#This Row],[Tipo de Chapa]],Tabela11[],2,FALSE) | F111: 466 | H111: =Tabela10[[#This Row],[M² Da chapa]]*Tabela10[[#This Row],[Qtde Chapas Liberadas]] | J111: =Tabela10[[#This Row],[ERP]]/Tabela10[[#This Row],[M² Da chapa]] | K111: =Tabela10[[#This Row],[M² CHAPAS]]-Tabela10[[#This Row],[ERP]] | L111: =Tabela10[[#This Row],[DIFERENÇA M²]]/Tabela10[[#This Row],[M² Da chapa]]
A112: - | B112: M25039 | C112: =VLOOKUP(LEFT(B112,1),Tabela5[],2,0) | D112: EUCADUR NT - 2,5MM | E112: =VLOOKUP(Tabela10[[#This Row],[Tipo de Chapa]],Tabela11[],2,FALSE) | F112: 315 | H112: =Tabela10[[#This Row],[M² Da chapa]]*Tabela10[[#This Row],[Qtde Chapas Liberadas]] | J112: =Tabela10[[#This Row],[ERP]]/Tabela10[[#This Row],[M² Da chapa]] | K112: =Tabela10[[#This Row],[M² CHAPAS]]-Tabela10[[#This Row],[ERP]] | L112: =Tabela10[[#This Row],[DIFERENÇA M²]]/Tabela10[[#This Row],[M² Da chapa]]
A113: - | B113: N25074 | C113: =VLOOKUP(LEFT(B113,1),Tabela5[],2,0) | D113: EUCADUR NT - 2,5MM | E113: =VLOOKUP(Tabela10[[#This Row],[Tipo de Chapa]],Tabela11[],2,FALSE) | F113: 368 | H113: =Tabela10[[#This Row],[M² Da chapa]]*Tabela10[[#This Row],[Qtde Chapas Liberadas]] | I113: 2180.3646 | J113: =Tabela10[[#This Row],[ERP]]/Tabela10[[#This Row],[M² Da chapa]] | K113: =Tabela10[[#This Row],[M² CHAPAS]]-Tabela10[[#This Row],[ERP]] | L113: =Tabela10[[#This Row],[DIFERENÇA M²]]/Tabela10[[#This Row],[M² Da chapa]]
A114: - | B114: N25074 | C114: =VLOOKUP(LEFT(B114,1),Tabela5[],2,0) | D114: EUCADUR FRJ - 2,5MM | E114: =VLOOKUP(Tabela10[[#This Row],[Tipo de Chapa]],Tabela11[],2,FALSE) | F114: 27 | H114: =Tabela10[[#This Row],[M² Da chapa]]*Tabela10[[#This Row],[Qtde Chapas Liberadas]] | J114: =Tabela10[[#This Row],[ERP]]/Tabela10[[#This Row],[M² Da chapa]] | K114: =Tabela10[[#This Row],[M² CHAPAS]]-Tabela10[[#This Row],[ERP]] | L114: =Tabela10[[#This Row],[DIFERENÇA M²]]/Tabela10[[#This Row],[M² Da chapa]]
A115: - | B115: N25075 | C115: =VLOOKUP(LEFT(B115,1),Tabela5[],2,0) | D115: EUCADUR FRJ - 2,5MM | E115: =VLOOKUP(Tabela10[[#This Row],[Tipo de Chapa]],Tabela11[],2,FALSE) | F115: 383 | H115: =Tabela10[[#This Row],[M² Da chapa]]*Tabela10[[#This Row],[Qtde Chapas Liberadas]] | J115: =Tabela10[[#This Row],[ERP]]/Tabela10[[#This Row],[M² Da chapa]] | K115: =Tabela10[[#This Row],[M² CHAPAS]]-Tabela10[[#This Row],[ERP]] | L115: =Tabela10[[#This Row],[DIFERENÇA M²]]/Tabela10[[#This Row],[M² Da chapa]]
A116: - | B116: I25036 | C116: =VLOOKUP(LEFT(B116,1),Tabela5[],2,0) | D116: EUCADUR NT - 2,5MM | E116: =VLOOKUP(Tabela10[[#This Row],[Tipo de Chapa]],Tabela11[],2,FALSE) | F116: 356 | H116: =Tabela10[[#This Row],[M² Da chapa]]*Tabela10[[#This Row],[Qtde Chapas Liberadas]] | J116: =Tabela10[[#This Row],[ERP]]/Tabela10[[#This Row],[M² Da chapa]] | K116: =Tabela10[[#This Row],[M² CHAPAS]]-Tabela10[[#This Row],[ERP]] | L116: =Tabela10[[#This Row],[DIFERENÇA M²]]/Tabela10[[#This Row],[M² Da chapa]]
A117: - | B117: I25037 | C117: =VLOOKUP(LEFT(B117,1),Tabela5[],2,0) | D117: EUCADUR NT - 2,5MM | E117: =VLOOKUP(Tabela10[[#This Row],[Tipo de Chapa]],Tabela11[],2,FALSE) | F117: 233 | H117: =Tabela10[[#This Row],[M² Da chapa]]*Tabela10[[#This Row],[Qtde Chapas Liberadas]] | J117: =Tabela10[[#This Row],[ERP]]/Tabela10[[#This Row],[M² Da chapa]] | K117: =Tabela10[[#This Row],[M² CHAPAS]]-Tabela10[[#This Row],[ERP]] | L117: =Tabela10[[#This Row],[DIFERENÇA M²]]/Tabela10[[#This Row],[M² Da chapa]]
